timestamp,open,high,low,close,volume
2018-01-01 00:00:00,50094.915534315885,50166.74360928046,49942.323430289885,50101.84283060225,10578.523925497995
2018-01-01 01:00:00,50136.476477981414,50213.42942447453,50010.42379280397,50057.42515067217,11976.608078454736
2018-01-01 02:00:00,49943.866853159736,49991.31836048959,49752.753625575795,49967.13803604388,7895.147901476541
2018-01-01 03:00:00,49806.75582137877,49888.58781599253,49716.304354559936,49857.252798587564,8457.853337596476
2018-01-01 04:00:00,50140.71540424697,50158.811900220644,49997.83961759168,50152.03854597174,10020.11109585467
2018-01-01 05:00:00,50119.04495150183,50214.50077112218,50058.83807650253,50176.798123878034,10474.951250372102
2018-01-01 06:00:00,50151.26246074836,50152.61626646901,49952.64518899493,50058.540118937686,12480.58084178574
2018-01-01 07:00:00,49826.99331437254,50022.28225469441,49684.25704707314,49816.58844261954,11354.350224564423
2018-01-01 08:00:00,49974.793441910995,49986.35243995952,49936.14078131271,49966.23081481872,8338.660417338631
2018-01-01 09:00:00,49801.90625775928,49930.19944749284,49767.68056606819,49824.85751889003,7826.527720347079
2018-01-01 10:00:00,49872.726010706334,49959.484413796585,49811.714082785125,49891.93851216299,12855.799140492712
2018-01-01 11:00:00,50038.258336775725,50111.257479650914,50005.10664645953,50080.28659085078,12755.981228820247
2018-01-01 12:00:00,49977.521374065,50097.40616684797,49857.95448981942,49986.80187254735,12462.546480309557
2018-01-01 13:00:00,50256.8583559361,50361.353704549074,50220.50897496165,50260.47761904013,9838.784441710777
2018-01-01 14:00:00,50413.06437050534,50416.67657133691,50178.13160658257,50335.646305890186,6284.458812638461
2018-01-01 15:00:00,50508.04325765031,50538.247810033674,50494.37855549332,50503.64706323812,7422.375953718392
2018-01-01 16:00:00,50479.815861108735,50629.023499590294,50409.48962826948,50461.79531961904,9544.711514792263
2018-01-01 17:00:00,50409.14259807132,50442.286721203534,50309.67949561117,50363.04016445087,11923.881379604041
2018-01-01 18:00:00,50433.92008757364,50504.73466684134,50352.0962087837,50385.11479852663,10294.205324362116
2018-01-01 19:00:00,50107.510036850224,50133.671696192076,50092.164286122985,50092.67657958257,10577.743159924736
2018-01-01 20:00:00,49790.629368977716,49845.724682868924,49710.73758865178,49811.582378124614,10709.685719001183
2018-01-01 21:00:00,49988.68905811632,50006.14289012051,49868.877870969634,49894.5786074002,10865.9973516209
2018-01-01 22:00:00,49512.81539997679,49520.0927040796,49268.89129597492,49514.12821140516,10653.75026339398
2018-01-01 23:00:00,49574.60645083898,49692.20486277578,49461.29646829374,49576.327332896195,12353.479458836193
2018-01-02 00:00:00,49690.44298805416,49875.209819632466,49551.125787427314,49735.671984212386,12056.342768840486
2018-01-02 01:00:00,50124.23479371614,50230.76066751978,50114.2448968738,50173.933897816634,10093.74382259084
2018-01-02 02:00:00,49868.64996513986,49974.60126925281,49817.99946459872,49865.231056559234,9345.036378379154
2018-01-02 03:00:00,50137.57446396157,50209.19574833849,50055.9989038344,50176.875667026914,8784.444230418881
2018-01-02 04:00:00,50290.68871999698,50452.37159794085,50206.49094133184,50225.03742624171,11467.789029647163
2018-01-02 05:00:00,50322.2937222679,50517.67841155326,50269.763128726234,50384.617010095855,11534.572411819736
2018-01-02 06:00:00,50455.094209464965,50523.715632248975,50414.19153873162,50437.620186260145,11527.530451937626
2018-01-02 07:00:00,50389.86235986241,50437.61511119504,50176.185673061416,50296.02132526174,12181.796495540893
2018-01-02 08:00:00,50141.88054965296,50258.06887190886,50020.2093034822,50102.445686043626,12734.07703263978
2018-01-02 09:00:00,50228.933433297076,50419.481210222024,50163.04522562503,50187.67614421621,9643.274904156518
2018-01-02 10:00:00,49970.81488975835,50019.326841540365,49936.719605392675,50011.61487954482,11498.043438794035
2018-01-02 11:00:00,50180.24297024188,50326.12035655644,50153.02979757988,50179.5905406312,15896.304499861315
2018-01-02 12:00:00,50264.56083530628,50415.43068491157,50216.05830717158,50307.682445460196,10597.766986413468
2018-01-02 13:00:00,50477.753342819095,50485.10582259774,50368.42861844039,50453.87667007322,8273.274995565444
2018-01-02 14:00:00,50409.4193489824,50431.004031638106,50240.799252086304,50366.285722615,11311.725666532127
2018-01-02 15:00:00,50401.84460376223,50461.94182409174,50395.976950198834,50446.43205786639,8942.653463904879
2018-01-02 16:00:00,50549.482242131126,50658.97760129954,50414.67217783975,50521.150762529185,8520.195137677236
2018-01-02 17:00:00,50360.080685052686,50411.82928893826,50282.30783712187,50334.15681914561,17934.916683178497
2018-01-02 18:00:00,50508.90581709523,50605.27698753848,50385.88721609804,50451.61469695374,10432.515359647377
2018-01-02 19:00:00,50568.19156924982,50631.27166998607,50519.10365551512,50607.30216840529,11147.37345089538
2018-01-02 20:00:00,50983.010141309904,51148.49316273708,50818.56792207807,51078.38703551505,10150.52264157902
2018-01-02 21:00:00,51306.726100436405,51417.317212691196,51230.03324994158,51303.428315084646,12223.275948082417
2018-01-02 22:00:00,51167.18541786782,51171.8489834322,51089.445556931445,51156.112237964284,14859.099360785585
2018-01-02 23:00:00,51184.51908077591,51307.51125569926,51116.77263690924,51288.385374198115,12534.380002633203
2018-01-03 00:00:00,51122.49507102755,51179.99970142878,51033.97593973419,51128.36135726771,8839.466467299602
2018-01-03 01:00:00,51038.25587644956,51129.22903312944,50858.04446594231,51062.507775093465,11728.96707972972
2018-01-03 02:00:00,50854.1596077047,51070.00054761542,50702.61130387361,50807.52531359533,8265.134061282775
2018-01-03 03:00:00,50775.90191099832,50847.76702174165,50666.64111497842,50711.65475020159,12394.341296172806
2018-01-03 04:00:00,50523.158032731655,50853.70324162145,50419.647435351835,50526.165620730666,10545.377327492311
2018-01-03 05:00:00,50358.58107199514,50502.62085304803,50232.26132886262,50276.50913016883,11235.333039114965
2018-01-03 06:00:00,50496.26178541009,50686.51147146352,50495.228322753865,50568.87171433255,9233.284428113688
2018-01-03 07:00:00,50674.95769722222,50735.78962694058,50657.79933569994,50664.87236315334,10306.435525648832
2018-01-03 08:00:00,50723.97465001411,50884.872803567414,50564.92022131309,50690.41097400414,14839.46007438128
2018-01-03 09:00:00,50289.50260757832,50356.31830551714,50261.240725047974,50297.13696329231,9879.140864322932
2018-01-03 10:00:00,50233.00287429792,50317.02033541171,50147.64674513459,50257.78000681516,11642.627874737085
2018-01-03 11:00:00,50166.085346014035,50196.917373996206,50039.51358496982,50120.99650380262,12133.331915462502
2018-01-03 12:00:00,49929.31719586709,50031.967874571455,49868.36645468758,49957.302329451435,10962.377130864534
2018-01-03 13:00:00,50047.10747112844,50106.32034487626,49928.55422722966,49983.24563280583,10636.05322561899
2018-01-03 14:00:00,49997.09850161146,50079.63534662185,49860.96618334521,49942.223142885276,13349.861852877792
2018-01-03 15:00:00,49982.978980019034,50013.99509356505,49916.53265229514,49948.91616822515,10765.742502138168
2018-01-03 16:00:00,50000.533455842946,50082.356397135496,49761.67648452468,49970.79298732988,9189.168713300536
2018-01-03 17:00:00,49788.189199285014,49867.020103263094,49668.51995518542,49730.595655710495,12131.021916675703
2018-01-03 18:00:00,49686.02498871348,49738.18564756087,49618.7340412743,49730.64602825914,12755.215520151953
2018-01-03 19:00:00,49662.84911300065,49735.82777252916,49621.83440798525,49703.87952621926,9985.295804952846
2018-01-03 20:00:00,49554.967516075856,49579.24613702349,49492.66368169793,49542.89454625464,10152.131049887019
2018-01-03 21:00:00,49519.54492517104,49730.95347139227,49448.390863389955,49591.357393285856,10615.795126918674
2018-01-03 22:00:00,49728.7698397514,49814.07055575753,49639.6266153273,49655.51027396291,10965.77082577516
2018-01-03 23:00:00,49457.95298205291,49487.42208021095,49426.03098328564,49458.86862081372,9510.984301605818
2018-01-04 00:00:00,49640.055532726816,49650.85325234511,49524.26577904311,49564.0867283109,12242.259185080002
2018-01-04 01:00:00,49498.11009680945,49499.356696890005,49477.35302941608,49487.02042758442,9608.58238906016
2018-01-04 02:00:00,49518.994620576304,49662.71296559248,49399.38955523605,49494.346520582745,14875.7284235208
2018-01-04 03:00:00,49387.948351069914,49406.05812208989,49128.7925431478,49344.90377319156,9545.063086360728
2018-01-04 04:00:00,49152.14793884421,49390.54033917393,49100.46396163372,49181.62704438559,9633.561209203344
2018-01-04 05:00:00,49230.49163689368,49415.22126251248,49120.12487505206,49213.67257020287,9961.573419807675
2018-01-04 06:00:00,49063.39947203564,49192.949730500244,48859.64928774657,49039.27611195937,13122.992217298317
2018-01-04 07:00:00,48865.838524070175,49082.2392204802,48854.644352904805,48949.69593837069,13228.069361552232
2018-01-04 08:00:00,48610.80285179299,48640.46653344439,48606.235323030276,48639.95642679277,10189.882151337362
2018-01-04 09:00:00,48711.50901535292,48777.455862861854,48699.78945185564,48763.56999889337,11925.989901305747
2018-01-04 10:00:00,48849.811295336156,49054.8628343809,48724.98275204383,48904.81170507309,11598.165221563266
2018-01-04 11:00:00,48836.474044202856,48847.772326753286,48645.83153387828,48760.838573122026,11121.533266538196
2018-01-04 12:00:00,49251.51350697554,49276.03722921868,49069.676819500964,49165.21180267095,12161.676709253265
2018-01-04 13:00:00,49389.12355136647,49504.65871861299,49284.574235864864,49436.82630488468,7834.268924438395
2018-01-04 14:00:00,49104.9709084686,49231.82445861032,49034.50112527568,49205.31196394219,13704.24269377285
2018-01-04 15:00:00,49302.51995029432,49438.60490964846,49054.666664183635,49222.35565668221,10900.014141986087
2018-01-04 16:00:00,49298.82333364783,49504.28678951881,49290.03630748097,49300.43519895759,8651.954899091264
2018-01-04 17:00:00,49453.08358303996,49546.04349030247,49384.15483126663,49434.96081311001,9093.415660599887
2018-01-04 18:00:00,49472.24635215491,49569.778515755,49375.21336950463,49425.03840628067,10045.536286929606
2018-01-04 19:00:00,49265.48511043176,49372.77292653172,49210.93350721379,49270.758577457535,8843.819793340073
2018-01-04 20:00:00,49662.18730953593,49731.687108022306,49639.183434796316,49660.43610616636,10797.809510556506
2018-01-04 21:00:00,49649.49969430879,49724.71945194565,49566.37944148187,49619.025341255576,9963.527166839576
2018-01-04 22:00:00,49452.815973049605,49717.121797490814,49317.62440983714,49566.91510399815,13960.94188430231
2018-01-04 23:00:00,49548.56876782195,49579.41276719474,49215.085192835286,49520.01765683125,13015.234840582238
2018-01-05 00:00:00,49449.85919816233,49656.18477953739,49429.736701871174,49497.15573215911,9638.568658488253
2018-01-05 01:00:00,49186.21748610087,49324.50388349552,49020.2492553158,49218.04053652733,12586.951562509012
2018-01-05 02:00:00,49291.77311713016,49299.4003592642,49134.14887060727,49218.93184742014,13741.623339085383
2018-01-05 03:00:00,49276.326350413605,49346.26895975918,49190.03184878927,49327.49110086054,8510.960484264195
2018-01-05 04:00:00,49607.241910574645,49746.000070500115,49456.95327877177,49512.70153435033,9828.843375580711
2018-01-05 05:00:00,49389.42625591412,49504.096198536856,49384.63334518373,49418.70159448247,9504.289790460132
2018-01-05 06:00:00,49472.14951810221,49498.278765051626,49382.35126773077,49474.63503023182,9961.811604977001
2018-01-05 07:00:00,49651.45839948879,49748.532486629425,49616.74053370006,49626.599582794406,12352.49682206922
2018-01-05 08:00:00,49324.479687169274,49389.846831446,49241.434886759045,49297.693283063105,9626.133518223469
2018-01-05 09:00:00,48864.59322354884,48948.95903438509,48839.2107547536,48944.252070884664,9372.230074812065
2018-01-05 10:00:00,48990.187355640905,49078.206303466606,48871.53153460675,49071.72100458008,9826.695005956113
2018-01-05 11:00:00,49041.24624736148,49121.228975571954,48942.54654045421,49083.478328129626,9961.594634858333
2018-01-05 12:00:00,49194.36913400106,49302.19292389104,49052.53501628779,49250.00720473219,6551.039899770879
2018-01-05 13:00:00,49123.81295063752,49143.76167776645,49059.038146215265,49095.48131679908,9912.826663911523
2018-01-05 14:00:00,49107.29468184336,49229.65185359544,49082.30684319297,49114.94076003733,11607.684791735364
2018-01-05 15:00:00,49012.56876341744,49078.90151711721,48973.90253791305,49036.479255909224,10242.227934523527
2018-01-05 16:00:00,49197.66263358861,49283.37723213104,49063.756482707446,49095.769234908366,13162.1850598951
2018-01-05 17:00:00,48918.17996443776,49116.91384679542,48735.148492700246,49018.08492599286,10367.275728725645
2018-01-05 18:00:00,49106.333074450195,49138.44148346463,49002.66473180393,49024.14716494041,12492.930046130281
2018-01-05 19:00:00,48604.45149989671,48679.38645975518,48449.304391508995,48593.00228113707,13058.757277772473
2018-01-05 20:00:00,48641.017738958224,48722.81004104789,48420.12011580585,48661.22615805726,11327.359259105291
2018-01-05 21:00:00,48689.59771547621,48794.76928552808,48608.74028172363,48711.97409171336,9459.049113364039
2018-01-05 22:00:00,48705.07875992868,48775.03401841859,48672.57668169427,48728.35422119104,12867.571899664219
2018-01-05 23:00:00,48618.25720897155,48726.57886345081,48575.05568098236,48631.38159993406,11679.140887480735
2018-01-06 00:00:00,48736.08256988641,48865.9073870643,48603.94561264324,48781.06677814561,11744.182825802662
2018-01-06 01:00:00,49111.682720912766,49272.06308491766,48936.97083188586,49149.714238929875,13692.87976068053
2018-01-06 02:00:00,49278.08000659109,49308.41343125903,49167.15612795247,49280.81926471212,15402.353563310287
2018-01-06 03:00:00,49314.14992974563,49385.73105795552,49261.31987503303,49308.755808531736,11402.991243702436
2018-01-06 04:00:00,49178.48717292898,49363.59740804705,49023.042914460224,49155.311998736426,13867.735927950915
2018-01-06 05:00:00,49008.70660511375,49069.59542179515,49003.24459335985,49057.253900041884,12969.544733247707
2018-01-06 06:00:00,48802.12740468275,48817.54964787755,48685.99431779627,48727.59609450985,9178.2121245317
2018-01-06 07:00:00,48447.33134095612,48454.435460655375,48282.596201792236,48407.48372431066,8668.85821028549
2018-01-06 08:00:00,48425.57478462086,48450.716505418655,48199.54757922553,48344.88612903384,10557.6624846453
2018-01-06 09:00:00,48164.31924848922,48299.80850747871,48142.07363961228,48294.56421364368,12253.171456664153
2018-01-06 10:00:00,48708.9691291594,48735.16371101423,48546.48288657283,48654.15705727655,15632.047645849749
2018-01-06 11:00:00,48668.79256946223,48671.14084718279,48648.83383338858,48668.11465708632,10740.151258536904
2018-01-06 12:00:00,48532.31701625974,48562.052793221585,48479.56968972543,48558.87186951813,9716.877591181104
2018-01-06 13:00:00,48569.58504414561,48728.10623181232,48312.0720370292,48581.97234026975,12964.712333460431
2018-01-06 14:00:00,48725.314051328176,48860.01505057548,48689.11690563389,48826.55054430893,8466.478949507922
2018-01-06 15:00:00,48623.01985992927,48847.670263772605,48532.02884174424,48677.079448592696,13288.799170989485
2018-01-06 16:00:00,48764.908516103256,48871.24304522501,48717.179904686476,48820.028856154175,8800.169943994499
2018-01-06 17:00:00,48949.93753226463,48998.40800440809,48880.334640201625,48961.70427333862,11799.67396067487
2018-01-06 18:00:00,48950.1419272763,49055.97833391308,48833.22784009083,48893.45828389823,12067.582264343091
2018-01-06 19:00:00,48851.29059792195,48973.52762370396,48745.11338190396,48835.36377314232,10667.17615440262
2018-01-06 20:00:00,48786.820260693115,48855.54563875764,48598.41138257212,48735.696065892414,8198.067487656974
2018-01-06 21:00:00,48793.713115590006,49027.735515015156,48590.54298307963,48856.27011790246,14053.621462922069
2018-01-06 22:00:00,48895.22177048226,48953.24407024543,48856.19007282656,48899.95103691735,10932.257535635274
2018-01-06 23:00:00,49123.812323190265,49138.57911423407,49082.48171057154,49118.20166650739,10897.49787730208
2018-01-07 00:00:00,49097.02423612581,49313.74282511676,49024.04012564966,49181.13225402171,11307.557788630296
2018-01-07 01:00:00,49148.303255275336,49182.46935739754,49094.341708560765,49147.397275443625,9599.051494275838
2018-01-07 02:00:00,49140.23123526034,49228.518347129975,48972.90053124112,49188.35578353459,12852.48014718616
2018-01-07 03:00:00,49296.418492068784,49393.30478405471,49119.63855365615,49283.80037375311,12825.866117032634
2018-01-07 04:00:00,48860.7622422438,48984.49990398667,48858.212585041794,48923.363451251265,11931.786236844422
2018-01-07 05:00:00,48792.897495977544,48866.612139954595,48724.121998403214,48783.78630605022,8468.0100256732
2018-01-07 06:00:00,48540.370164924505,48700.9369695725,48438.08183926735,48606.070241809866,9291.082000102502
2018-01-07 07:00:00,49144.531458566526,49162.698827957734,49035.97395296676,49120.29953550903,12260.557782936185
2018-01-07 08:00:00,49015.63319943507,49266.60152880973,49000.237815881424,49009.65354069074,13068.691987314216
2018-01-07 09:00:00,48872.544255092354,49047.34741260529,48811.26130453592,48874.25429147418,14262.407404394471
2018-01-07 10:00:00,48987.492052909765,49077.0564047785,48892.20604616554,49015.061396463694,12119.257931990953
2018-01-07 11:00:00,48674.234905441546,48733.766599274466,48666.988925015874,48709.653505326816,12117.20977559122
2018-01-07 12:00:00,48681.61835785293,48783.77879502973,48622.16975339963,48746.712004734116,12007.622806275871
2018-01-07 13:00:00,49000.71610216977,49045.716407573855,48953.016756749734,48959.88736740987,8010.2703196712155
2018-01-07 14:00:00,49056.65794850728,49083.303448751976,48921.23157472783,49046.471600257115,9054.098227265127
2018-01-07 15:00:00,49253.58933951399,49322.673016399734,49250.7997761766,49255.53764988402,11053.561051092342
2018-01-07 16:00:00,49417.34839123153,49452.36809292721,49371.659553242345,49442.863120092625,10217.906790621832
2018-01-07 17:00:00,49395.159739672774,49442.45546895721,49260.16084551932,49384.1898433238,9389.706856004894
2018-01-07 18:00:00,49328.0444182003,49492.56101313442,49308.65309270755,49349.74503380958,12857.320171043542
2018-01-07 19:00:00,49072.065627985685,49159.37766956071,49050.89088389031,49058.964418494455,12917.864675117633
2018-01-07 20:00:00,49028.908343399286,49254.33327418677,48924.3777398225,48959.906824045094,10198.095461478611
2018-01-07 21:00:00,49324.77425961831,49376.35416523574,49205.5992258669,49246.98509370308,10492.787704051087
2018-01-07 22:00:00,48939.60710137144,49082.981787328245,48864.45567903227,48984.60690585327,10937.567202703794
2018-01-07 23:00:00,49108.9734123501,49207.0296964356,48936.419345047114,49032.947802618015,10614.820080394084
2018-01-08 00:00:00,49058.7815406913,49168.940289464794,48988.20223454308,49025.69804403411,11299.6139747835
2018-01-08 01:00:00,49138.92572559847,49380.227348016735,49062.06279999454,49124.72039681898,10044.205480996729
2018-01-08 02:00:00,48977.509209958866,49067.20018475869,48861.03907375264,49004.73021632466,13556.907646381738
2018-01-08 03:00:00,48854.605101979665,48941.4033935422,48800.64782446654,48895.303380246834,12139.27727195992
2018-01-08 04:00:00,48863.25944534992,49088.8979498203,48687.754572004764,48937.436076085294,9896.980357128105
2018-01-08 05:00:00,48877.95899039238,48910.65412092246,48799.632264541724,48863.990466665244,14618.368169779429
2018-01-08 06:00:00,48792.86594571493,48966.55769017125,48721.53760280577,48831.848275639095,10940.371448827165
2018-01-08 07:00:00,49159.35756071111,49206.83011583362,49157.74288267067,49184.8161773055,13139.107892206552
2018-01-08 08:00:00,49658.04633727989,49733.05727740204,49554.34435884575,49684.42224555064,12227.40468132736
2018-01-08 09:00:00,50083.14470561917,50119.13366116812,49994.787637285095,50053.91681280621,12995.666445049234
2018-01-08 10:00:00,50246.168549353395,50353.361181834254,50103.247226518135,50220.69289602302,13487.88618386755
2018-01-08 11:00:00,50345.10358748008,50368.29367150968,50223.6199496839,50353.51857084084,9529.515792222976
2018-01-08 12:00:00,50410.456048734006,50433.19145963099,50281.56136587323,50430.29223998901,11343.978322435825
2018-01-08 13:00:00,50373.58687979472,50517.46630426057,50308.55617283823,50442.18098937754,14893.858501949828
2018-01-08 14:00:00,50393.644440671465,50418.77914604391,50223.65067176593,50382.60307669865,10828.468041703487
2018-01-08 15:00:00,50472.016652739716,50490.85373028272,50396.316098425035,50441.35352998346,11349.361987216953
2018-01-08 16:00:00,50608.49357667483,50673.969971932835,50537.62945714334,50660.49735228273,13151.083932064717
2018-01-08 17:00:00,50326.22459572167,50392.35728423269,50168.65076791118,50354.36875252303,10881.649530068622
2018-01-08 18:00:00,50339.57843320854,50485.3632518333,50024.10131155852,50245.05958416732,11792.026010095999
2018-01-08 19:00:00,50095.45743556912,50217.71229187261,50071.03081901015,50146.66885947821,9984.658464673888
2018-01-08 20:00:00,49935.893148806084,50000.82990190163,49882.467953414176,49892.36419004326,14323.946592885799
2018-01-08 21:00:00,49605.512495150666,49750.05236109432,49600.98985974281,49681.30257274972,11438.011008780846
2018-01-08 22:00:00,49653.32151933095,49777.607698177846,49492.5219937074,49635.846951551095,10852.127878893376
2018-01-08 23:00:00,49877.24878424238,49922.81197213186,49803.34306746829,49860.16044348394,11805.875408031166
2018-01-09 00:00:00,50057.28394068086,50076.95857266507,49919.95110654627,49990.83849121682,10838.475750282993
2018-01-09 01:00:00,50247.29881150195,50462.415985366126,50243.26315441058,50281.308701645205,8424.604816187513
2018-01-09 02:00:00,50275.324369452544,50394.17265847767,50209.702604951126,50309.58779760898,10196.869820213396
2018-01-09 03:00:00,49909.270722150286,50173.91279899181,49751.167852520426,49931.85521579622,12368.746381059735
2018-01-09 04:00:00,50112.60936892201,50209.524764381415,50086.51780007488,50091.297647558225,10993.515429636976
2018-01-09 05:00:00,49936.668255218094,50024.29335450633,49839.6709492627,49861.70625071755,11048.394510190155
2018-01-09 06:00:00,49803.86629385617,49930.43177602861,49735.93538925257,49905.76062546041,9197.083982189151
2018-01-09 07:00:00,49941.760341458044,50005.76998264591,49795.19282577366,49852.141817777636,12030.649006441086
2018-01-09 08:00:00,50180.03317480433,50186.017682685975,50068.81124752694,50133.67788758118,12256.801964504462
2018-01-09 09:00:00,50260.04425968638,50323.891785416454,50109.68527731876,50215.092049740386,10036.576619190977
2018-01-09 10:00:00,50492.19032716945,50701.75926108769,50412.631606128285,50482.21506142931,14124.734845697449
2018-01-09 11:00:00,50491.79036990954,50573.599447289176,50459.44055164772,50524.70307111734,11763.49870352345
2018-01-09 12:00:00,50603.845646086476,50635.360024386995,50387.03140896771,50632.89373742305,14109.57770618128
2018-01-09 13:00:00,50725.72238274141,50737.8997342541,50661.55478272717,50723.794702116844,9158.973382642871
2018-01-09 14:00:00,50589.55641964348,50714.570986475184,50524.073708631164,50674.11043327035,10130.264367861128
2018-01-09 15:00:00,50933.17689460865,51145.03925719052,50910.31280625059,50995.68565504587,12884.776944701878
2018-01-09 16:00:00,51318.167717369186,51452.49030330187,51314.21534917643,51341.727628206274,10689.270860106524
2018-01-09 17:00:00,51559.38066398719,51721.93627058254,51373.6094712679,51525.76922589329,13484.164437465413
2018-01-09 18:00:00,51419.7591868972,51470.56501331663,51372.61815857809,51399.41511677736,10009.450723078244
2018-01-09 19:00:00,51262.59089300734,51384.13822280862,51206.85818833864,51263.9008943701,10332.89420224501
2018-01-09 20:00:00,51278.219769693525,51542.85510935662,51099.80091872443,51424.705234306784,10347.606305474363
2018-01-09 21:00:00,51130.67793448865,51315.82330153487,51082.85017550095,51196.961692405,11623.706987115289
2018-01-09 22:00:00,51214.332454508,51222.20121824509,51058.560256074335,51189.912776171775,12793.280275004852
2018-01-09 23:00:00,51011.84294307507,51135.11682701934,50858.72989760483,51091.37084611184,12530.399135804288
2018-01-10 00:00:00,51004.852891049224,51055.49431272963,50793.004440262615,51022.67295267287,11687.483814016796
2018-01-10 01:00:00,51165.6524531178,51190.088059358444,51086.51074556488,51112.99158360314,10646.570271647039
2018-01-10 02:00:00,51099.00612481167,51175.27327595081,51093.69735853762,51100.90821490311,12318.752138988042
2018-01-10 03:00:00,51090.981731283646,51295.16180062139,50993.339699335345,51086.96449810766,11623.679256616388
2018-01-10 04:00:00,51144.901114930144,51507.70000361787,51130.62251947281,51293.460074537186,12994.72907012753
2018-01-10 05:00:00,51113.965377967485,51221.65387121682,51018.93569538757,51082.66325492377,14445.256436960215
2018-01-10 06:00:00,51057.354262536865,51146.20097525322,50995.64972038702,51046.25512861919,11270.754029258438
2018-01-10 07:00:00,51246.19761205902,51252.103100576925,51102.7653064975,51123.32701115118,12891.177912813702
2018-01-10 08:00:00,51412.912160484586,51478.59012208346,51234.56475707132,51351.95583266142,13940.176758141974
2018-01-10 09:00:00,51134.52555751634,51211.6646329768,51112.49773513858,51119.05511848797,11591.772338546265
2018-01-10 10:00:00,51208.917973156415,51374.190789175576,51140.890568347066,51187.32098008121,10560.518056476832
2018-01-10 11:00:00,51448.40015238112,51574.71706858783,51325.87897832889,51387.27650347403,12262.110936159617
2018-01-10 12:00:00,51399.29517268528,51414.72067550567,51315.7906075186,51328.6819552012,10688.470716289035
2018-01-10 13:00:00,51278.170321870275,51482.295428624515,51114.64371744801,51334.446997212865,9475.46957302701
2018-01-10 14:00:00,51023.33315598808,51198.788036226375,50888.31625333944,51133.4434074963,13955.627288245465
2018-01-10 15:00:00,51307.21039177802,51573.8333385096,51206.46709498509,51342.54177962597,10415.30350968448
2018-01-10 16:00:00,50948.25828470162,51089.85087858558,50664.52835908099,50831.805537354434,12840.626777617352
2018-01-10 17:00:00,51401.47050567873,51459.44202168324,51269.357232536764,51330.41520714462,12536.148005804554
2018-01-10 18:00:00,51503.28441714595,51514.01781533279,51482.36051554575,51488.80620641029,9642.863740039982
2018-01-10 19:00:00,51346.49932832902,51443.69006513447,51244.97794309038,51433.57414816157,9013.539229011612
2018-01-10 20:00:00,51544.80697466618,51639.475879062215,51311.478977678824,51473.156223517675,9218.669354173393
2018-01-10 21:00:00,51618.663169271764,51692.64106326782,51561.87726122157,51669.427730648466,9256.979981245457
2018-01-10 22:00:00,51624.82913668305,51755.96391579542,51591.81176126084,51693.78997043256,8132.611279642995
2018-01-10 23:00:00,51786.43690269021,51844.67799037959,51763.2454723395,51787.45389429671,13455.452773952919
2018-01-11 00:00:00,51793.7334291871,51828.65743041902,51737.45456261007,51815.98349962069,11087.948126586267
2018-01-11 01:00:00,51790.60537797852,51895.69980752748,51645.32182571282,51826.98749240225,14149.23813773649
2018-01-11 02:00:00,51535.98179425736,51645.8150954999,51443.74018146247,51571.71610440535,10469.090579074349
2018-01-11 03:00:00,51796.779334421146,51860.60896644022,51710.242760450434,51831.68748998439,14861.268429992098
2018-01-11 04:00:00,51604.04120270041,51669.4520992543,51545.36397007724,51588.05815388395,10666.482214020125
2018-01-11 05:00:00,51566.10785367728,51581.268495818644,51464.44613154855,51563.84876556195,14978.941402864431
2018-01-11 06:00:00,51380.96293208469,51460.52574689129,51115.867032377544,51451.44126963948,9553.385777654485
2018-01-11 07:00:00,51878.24392587974,51935.682297555395,51732.41672228727,51791.3535299005,13931.113921631368
2018-01-11 08:00:00,51704.872702164466,51775.56466548155,51599.93696699619,51715.4009421111,9831.300418881186
2018-01-11 09:00:00,51466.554564552134,51545.81030317118,51440.736975055006,51464.80046565899,8199.38783683347
2018-01-11 10:00:00,51578.44476836863,51784.112335814825,51496.93407013086,51535.48844619807,13209.804186451925
2018-01-11 11:00:00,51374.491533499415,51417.54531059752,51216.38916400082,51288.70745764916,10899.61566021613
2018-01-11 12:00:00,51409.72247486727,51465.117066973944,51311.159402292775,51405.81535575028,11304.849483264941
2018-01-11 13:00:00,51112.00744127909,51210.10440768717,51036.81861748123,51117.69306094349,13224.967715378787
2018-01-11 14:00:00,51374.665184798454,51486.89958992272,51310.89900386775,51343.389968711905,13183.57585996253
2018-01-11 15:00:00,51494.217744279005,51534.72493320797,51355.32897470822,51375.062045259045,10443.590364435497
2018-01-11 16:00:00,51397.235764292636,51477.874244560924,51298.89205522757,51405.07348743639,9585.218971085691
2018-01-11 17:00:00,51040.02285999171,51185.86640078036,50927.39114638758,51133.91522988463,7124.796932685531
2018-01-11 18:00:00,51343.63144624553,51344.254851534824,51130.061904003494,51215.95010734306,11147.292845385617
2018-01-11 19:00:00,51245.30710405094,51275.057520373804,51170.87195651796,51198.25199467255,11579.056051152824
2018-01-11 20:00:00,51114.649295925694,51132.53530913447,50986.808924635596,51063.99165366888,11965.717718426726
2018-01-11 21:00:00,50884.46134976128,50885.38938022587,50772.520099483474,50883.02740715851,11854.456819183915
2018-01-11 22:00:00,50922.086108824435,51063.670645864826,50823.714459034774,50880.47776881788,11018.634715718084
2018-01-11 23:00:00,50562.12254589641,50646.93290393649,50500.48608457882,50616.03437568064,10663.451654626197
2018-01-12 00:00:00,50656.85311814619,50663.995610636484,50580.771565312185,50630.03475558332,11116.053946658216
2018-01-12 01:00:00,50185.309333671445,50246.970248367936,50063.89152393385,50232.49449366915,12079.871713993169
2018-01-12 02:00:00,50604.17921762822,50625.78142021477,50391.88955981066,50542.57984942138,11267.6014229638
2018-01-12 03:00:00,50445.99549936114,50507.49369941169,50406.83156727896,50476.958199968445,11306.749200275877
2018-01-12 04:00:00,50512.05705267138,50556.19834418881,50391.61957365948,50511.90319239627,12709.197443794383
2018-01-12 05:00:00,50086.16505817421,50308.24134157915,49949.24163396753,50214.40869782418,10595.42227659317
2018-01-12 06:00:00,49891.8268894764,50036.01994800245,49816.07561379625,49981.89328340631,9962.281278691906
2018-01-12 07:00:00,49439.350849864204,49505.13382575147,49293.11799401511,49466.371580715364,11330.047855602481
2018-01-12 08:00:00,49494.47073504512,49506.307869135046,49369.548310934166,49465.81560854226,13153.828702996085
2018-01-12 09:00:00,49435.5718684289,49529.197510885766,49391.74404525535,49436.921720811275,9407.35511475158
2018-01-12 10:00:00,49489.761172925515,49625.551292758595,49245.75725618153,49405.19388359189,13648.106589488496
2018-01-12 11:00:00,49333.267792046696,49468.96992407552,49273.513804844966,49366.297435869616,14286.817484384484
2018-01-12 12:00:00,49478.47961242179,49716.21738294833,49418.53990548427,49502.63251155743,12335.771669616752
2018-01-12 13:00:00,49628.89071352488,49783.88285058549,49561.1981946501,49564.37072566821,9643.847833376869
2018-01-12 14:00:00,49624.3878452663,49858.003599919066,49610.836880817835,49658.04186346896,10342.421207638205
2018-01-12 15:00:00,49630.25979929947,49793.781225355095,49511.10609106352,49697.20821500213,9817.590297851488
2018-01-12 16:00:00,49518.13865508099,49635.56638055001,49420.41459410994,49491.57886305721,12792.88583445047
2018-01-12 17:00:00,49274.075349221814,49492.39782335124,49242.275847836245,49344.23350676393,10548.500570380915
2018-01-12 18:00:00,49636.44954017018,49681.706840959996,49394.04902852065,49608.85560595013,9841.667185315742
2018-01-12 19:00:00,49798.29139083478,49825.042263971096,49643.230842954064,49795.452396487985,11914.104361321322
2018-01-12 20:00:00,49958.68460752113,49995.149724144896,49821.399169176795,49905.16095622595,9119.343450762139
2018-01-12 21:00:00,49616.94421099848,49726.41986686872,49493.22004166922,49515.13084591318,10501.736060199943
2018-01-12 22:00:00,49618.93475456412,49704.32631031803,49520.675533978545,49578.491733915194,10699.180915184459
2018-01-12 23:00:00,49624.66592549034,49796.57786699379,49575.936989584676,49637.01020945972,12322.780014889671
2018-01-13 00:00:00,49829.51092873027,49847.55136020579,49642.01631690274,49771.10583717221,11719.438313154755
2018-01-13 01:00:00,49617.676776937165,49702.13819701917,49494.79531854367,49643.91938086933,11038.28883812491
2018-01-13 02:00:00,49792.34153953562,49816.31686861527,49449.080786823986,49707.72830155684,12017.917362136779
2018-01-13 03:00:00,49397.30465316238,49434.96104688069,49232.79492018434,49360.119620629455,12211.726432285925
2018-01-13 04:00:00,49274.84975032931,49355.87524053099,49191.03121514782,49335.25081088397,9955.057790351499
2018-01-13 05:00:00,49536.451463548954,49575.552717711194,49335.5861395126,49453.86822624036,11800.284802796254
2018-01-13 06:00:00,49662.75116880538,49706.37258744658,49661.29225648547,49693.053143075456,9587.183036451968
2018-01-13 07:00:00,49818.37176324973,49866.20383479625,49729.94493274829,49824.39793193509,10212.57505941786
2018-01-13 08:00:00,49952.227224248665,50143.453747575884,49912.30178914696,49970.85801675578,11404.432506353394
2018-01-13 09:00:00,50088.62112255684,50336.40953186085,49935.785080349364,50159.76601584566,13272.651386168927
2018-01-13 10:00:00,50179.59154095375,50236.21896901093,50033.07554480967,50051.54970225884,13775.797914622177
2018-01-13 11:00:00,50559.699085421904,50681.88835142946,50352.34495989568,50455.684511340136,12066.54850856213
2018-01-13 12:00:00,50587.39982971745,50698.125020185034,50587.058419664936,50615.298259145595,10693.66767945513
2018-01-13 13:00:00,50561.253651951636,50657.85650988276,50517.13422778915,50526.067932474114,13659.55414589947
2018-01-13 14:00:00,50288.11333371041,50369.963237752185,50100.38412382863,50297.85398891684,10851.174765483142
2018-01-13 15:00:00,50351.96433710859,50415.48955199686,50172.890551878816,50275.87432801558,14337.366619401539
2018-01-13 16:00:00,50553.35213900253,50576.25119980861,50426.99296302581,50523.94226823801,10330.027803072104
2018-01-13 17:00:00,50842.13611386693,50999.059708909444,50696.885160656326,50746.49995497766,8984.68862007978
2018-01-13 18:00:00,50687.83804665999,50810.45460027428,50672.874734680845,50777.63521566556,10161.134296637163
2018-01-13 19:00:00,50482.187442157105,50535.971249433926,50338.21380819656,50456.27309491844,5829.928016093031
2018-01-13 20:00:00,50542.65855027006,50710.58746475883,50407.11873356847,50453.24271031953,9916.018291348795
2018-01-13 21:00:00,50499.90134427631,50580.8814821842,50422.527387315866,50550.37009772746,13208.479802991755
2018-01-13 22:00:00,50522.354140119845,50621.37988075323,50438.80225596322,50532.64631370092,10592.337994577252
2018-01-13 23:00:00,50655.66474696106,50737.03587427602,50458.340519355675,50609.428750911786,10511.977518123376
2018-01-14 00:00:00,50569.81906116881,50853.00380217515,50480.40702969713,50607.63367610563,12326.31901476638
2018-01-14 01:00:00,50556.60136609037,50608.76963280757,50395.23133739267,50553.21476997491,10047.70518077667
2018-01-14 02:00:00,50652.73997734341,50746.12933785131,50515.31080652824,50716.352962445926,11839.573968380348
2018-01-14 03:00:00,50629.75234326056,50829.790084543136,50555.367964047095,50711.65835610884,9541.545613374114
2018-01-14 04:00:00,50813.17767482337,50916.411943970794,50748.61761885591,50754.878725453586,11771.86970059503
2018-01-14 05:00:00,50907.110978846555,50944.47963271963,50813.884843559936,50898.130433552156,11155.058989483474
2018-01-14 06:00:00,50534.33481333847,50726.647648591446,50442.97532152069,50682.395854974064,6746.721616024691
2018-01-14 07:00:00,50511.48273770525,50719.33703150775,50478.12834743877,50480.227689634696,9689.594705787558
2018-01-14 08:00:00,50515.177854911206,50580.439845703964,50365.18929109663,50445.8210850568,10131.061660072342
2018-01-14 09:00:00,50262.14251513375,50425.462155575486,50223.504269056604,50255.97759848111,10545.763696172682
2018-01-14 10:00:00,50121.357443140776,50288.49327521564,50113.554831193076,50199.82935498663,10675.136155536873
2018-01-14 11:00:00,50858.70281395612,50935.173049146084,50800.158130413445,50843.51316652609,13067.202276554159
2018-01-14 12:00:00,50795.9277103907,50962.61228637969,50728.04971305237,50869.09160462264,14371.935997191582
2018-01-14 13:00:00,51068.545013578296,51222.29715210517,51061.61444919072,51091.39931517182,12534.992615219995
2018-01-14 14:00:00,51149.68904657002,51258.9071113493,51044.324695471165,51193.01659685583,10397.404402208227
2018-01-14 15:00:00,51064.10121348151,51156.223088346225,50853.459251018394,51112.9203177735,9078.440754342308
2018-01-14 16:00:00,51192.62099118624,51200.77509430074,51074.17679304315,51120.42767242561,9087.691649335617
2018-01-14 17:00:00,51200.98089826271,51311.52424111238,51079.39023717264,51210.5646617468,15661.214555633505
2018-01-14 18:00:00,51348.58228880932,51368.54500541971,51295.6011939874,51331.85855836768,11609.270918231045
2018-01-14 19:00:00,51282.40876722569,51417.54791804917,51170.55267141784,51273.77113768281,13051.781410032281
2018-01-14 20:00:00,51540.382636713446,51765.21690641194,51477.72788113374,51546.468652338815,13334.590183809996
2018-01-14 21:00:00,51492.82253941087,51596.36747548974,51406.25074371512,51544.33090434573,11984.120422762482
2018-01-14 22:00:00,51478.75514654938,51537.994984908415,51383.78609048442,51497.64574015786,13907.676241044996
2018-01-14 23:00:00,51496.428760229595,51653.11344760883,51331.13174375,51433.825641091884,10223.083437107513
2018-01-15 00:00:00,51518.21232011553,51612.57532634329,51484.79149942806,51519.458864663684,8877.728375912357
2018-01-15 01:00:00,51742.73748949566,51787.61601421632,51713.42130955292,51766.78923519993,10533.971047332661
2018-01-15 02:00:00,51866.219431737685,51981.28732880648,51726.59767684501,51890.86259212798,11227.483243183542
2018-01-15 03:00:00,52243.59469347231,52366.7945054766,52189.89790665756,52295.9079283217,11323.247207491277
2018-01-15 04:00:00,52397.488445471514,52464.00406710163,52255.6346922087,52371.868801272154,11737.673582471323
2018-01-15 05:00:00,52359.13864842576,52558.0910117154,52310.06709555653,52323.946937772285,9245.847251592846
2018-01-15 06:00:00,52551.94343012873,52786.65396312302,52462.87611805059,52558.270455901606,10036.409265282939
2018-01-15 07:00:00,52559.30814428186,52579.33320702364,52467.31343488261,52541.865278478,10216.124532974281
2018-01-15 08:00:00,52638.66477717531,52730.13070188215,52573.88053176384,52652.33051462743,9316.210336319728
2018-01-15 09:00:00,52855.337368502005,52969.147230219074,52816.511178780005,52883.68108840846,14308.73061823122
2018-01-15 10:00:00,52820.59688826644,52841.106684705526,52788.56861407891,52839.05445747944,12439.895423495691
2018-01-15 11:00:00,52444.76070279946,52612.19858888514,52345.08339428924,52500.07911316479,14079.104070647465
2018-01-15 12:00:00,52471.90985419113,52488.12253105976,52349.977907079134,52480.76974817435,9330.764358456967
2018-01-15 13:00:00,52584.663416738746,52637.36315327149,52513.514191170274,52533.43293745381,12801.882966620855
2018-01-15 14:00:00,52003.2471572878,52071.275276106295,51777.75058808433,51968.01931958614,11920.164679144966
2018-01-15 15:00:00,52248.98044382514,52355.75011107457,52080.50065348183,52256.162975806306,13366.846016451285
2018-01-15 16:00:00,52640.605869119725,52648.547614029114,52433.036969104796,52601.56879884059,10557.087521366093
2018-01-15 17:00:00,52540.590026396094,52559.072315121026,52413.85604084316,52426.77450208888,11992.673676872842
2018-01-15 18:00:00,52527.425584388184,52592.837920415535,52418.129721819496,52438.539583308826,9663.552945743513
2018-01-15 19:00:00,52132.368804517675,52168.1452952653,52087.607720723405,52164.281299465976,9753.642236227059
2018-01-15 20:00:00,51869.1403815666,52029.56143269432,51790.29348260967,51873.451354445635,11148.391555282105
2018-01-15 21:00:00,51557.66509079329,51651.19496522768,51524.75330576587,51573.612119796984,13412.810802841661
2018-01-15 22:00:00,51195.24124055868,51211.63731475779,51120.62220148659,51189.35312997405,11383.753930827841
2018-01-15 23:00:00,51021.65744692836,51119.19634487976,50911.8581116563,51037.9413029694,11038.360967609497
2018-01-16 00:00:00,51425.50493231171,51501.48940594341,51269.81787838487,51428.62463453541,7754.348582739299
2018-01-16 01:00:00,51118.96792663688,51170.978922928814,50943.70183261005,51105.31633463552,12611.068965337008
2018-01-16 02:00:00,51016.61143193055,51181.11149859904,50917.62967391877,51009.12364903136,10516.644833769502
2018-01-16 03:00:00,50720.46193848243,50902.94726148589,50699.04469199739,50829.83836752876,9223.07685112787
2018-01-16 04:00:00,50809.59729091449,50832.44697468274,50739.645114907355,50805.69277775949,11303.57840954011
2018-01-16 05:00:00,50842.54628405086,51041.672866697685,50832.52134069342,50898.04546587049,11033.929321300726
2018-01-16 06:00:00,51056.68175328205,51154.009740852256,51015.46490966844,51044.777287801786,9897.612725647212
2018-01-16 07:00:00,51062.67240569435,51132.2403864484,51059.2787814417,51121.14099439778,10625.389656909429
2018-01-16 08:00:00,51001.2554963693,51153.48996106022,50991.785083320035,51097.41311446615,11287.74150559532
2018-01-16 09:00:00,50954.333593297284,51042.604317629375,50791.25061794271,50889.92182022843,11768.949851369032
2018-01-16 10:00:00,50851.0369022751,50972.43224343422,50667.60626337104,50760.920487215255,12801.04817247736
2018-01-16 11:00:00,50697.79008600705,50723.1436974248,50598.06178269135,50627.29333679938,11468.579309788198
2018-01-16 12:00:00,50643.65497702099,50724.0253150046,50425.66533045355,50602.62594925772,13347.812437180673
2018-01-16 13:00:00,50320.55494370074,50433.947799186906,50158.96741989088,50268.65023969836,10260.534281681747
2018-01-16 14:00:00,50038.07800013063,50079.668061064425,49960.05257107599,50048.83454721627,13358.555743015295
2018-01-16 15:00:00,50302.45204507998,50351.80696757923,50133.089907209884,50330.746381449455,9549.43388030686
2018-01-16 16:00:00,50609.14110696982,50734.07977943422,50467.63824289495,50527.509730133155,10952.46963747393
2018-01-16 17:00:00,50545.70435074989,50629.56315164987,50497.80326365629,50586.65948833272,10973.985912419097
2018-01-16 18:00:00,50700.05320958755,50744.30278532677,50688.6132278544,50699.72760225755,10840.946673430397
2018-01-16 19:00:00,50614.12262850791,50789.09489414823,50557.341737062285,50627.22475493825,10468.135427547511
2018-01-16 20:00:00,50753.9472708417,50890.01676226735,50716.4256701779,50770.89558530044,10806.856140792388
2018-01-16 21:00:00,50784.45648013852,50978.982695287435,50663.19081508248,50864.35808724805,11257.297570574672
2018-01-16 22:00:00,51333.68020057369,51399.187222959656,51168.0884571049,51219.39435845377,7758.09607852507
2018-01-16 23:00:00,51070.50939772848,51174.237636857164,51053.33501679407,51110.77363474539,10150.23696014517
2018-01-17 00:00:00,50746.600533276505,50855.47665688066,50684.411212221836,50708.67499517349,14733.348805549953
2018-01-17 01:00:00,50396.88524396585,50553.62790177403,50285.91537119933,50524.72733112195,14525.02541759707
2018-01-17 02:00:00,50303.73635798466,50350.550067069606,50268.10903111038,50278.76293548931,15759.818024630662
2018-01-17 03:00:00,49991.68857457154,50038.450117354245,49870.473873782445,49979.006918274266,11176.369676247612
2018-01-17 04:00:00,50023.49080424993,50070.025996343276,49989.155452975065,50043.0901088004,12118.829401740892
2018-01-17 05:00:00,49990.45080239001,49993.37652488573,49859.06540985987,49971.606489898746,10907.491297540724
2018-01-17 06:00:00,49682.3161132652,49772.31387023611,49554.82056792459,49619.69994704305,9927.809670721714
2018-01-17 07:00:00,49788.41833775738,50208.09354173258,49683.259541360945,49894.977755156106,11401.830045432487
2018-01-17 08:00:00,49900.7620624278,49952.7708750357,49822.14164799515,49886.516764285305,12000.088038806207
2018-01-17 09:00:00,49897.03801659556,49921.985719966855,49877.58732484654,49906.88656275231,13040.786174360715
2018-01-17 10:00:00,49880.77079233828,50093.49881953099,49861.3436093508,50027.87217911017,10966.324238397385
2018-01-17 11:00:00,50008.77894959802,50103.548232384404,49875.41202763267,49952.62656667771,11732.694116824163
2018-01-17 12:00:00,49692.32582622898,49823.34909672391,49606.61715138887,49760.9769739599,12715.625081676955
2018-01-17 13:00:00,49901.74888025068,49953.26527877277,49801.615831480805,49865.59154990915,11777.460580413093
2018-01-17 14:00:00,50065.47189513953,50184.51891311017,49956.86673098917,50027.736407317294,11632.60677357485
2018-01-17 15:00:00,50243.0540258905,50333.0050720582,50226.66806133198,50244.38657029255,9659.175239348391
2018-01-17 16:00:00,50103.961112152,50190.62134784413,50073.10092714185,50111.203116614364,7591.493599483186
2018-01-17 17:00:00,50156.5227563244,50238.48740536061,50090.331432922496,50156.462293944845,12687.626247727805
2018-01-17 18:00:00,49798.440557312075,49913.11470584563,49704.82913989167,49836.45205416962,12493.054715477147
2018-01-17 19:00:00,49787.13252859222,49999.8913641335,49723.86124523005,49800.305448485145,8769.33488926375
2018-01-17 20:00:00,49828.55157534651,49964.15086938488,49684.337036554076,49814.73411693195,5564.878119522515
2018-01-17 21:00:00,49943.620948099335,50067.375882151806,49832.9538567432,49853.8585183955,10115.054865862316
2018-01-17 22:00:00,49968.60975813524,50064.95617692408,49918.094475879676,50017.30391428045,12908.377833497983
2018-01-17 23:00:00,50591.77303090073,50643.27177536629,50569.34111440205,50571.92779894141,7815.663371199587
2018-01-18 00:00:00,50413.282746536606,50486.7881354557,50397.92132805331,50433.92446610571,9519.64412171204
2018-01-18 01:00:00,50662.60855677587,50663.55091383447,50629.37406986762,50662.59806632915,11279.343230946162
2018-01-18 02:00:00,50788.25942728446,50899.24488243994,50757.4079945958,50832.3376832248,8577.432337748214
2018-01-18 03:00:00,50644.17082925937,50756.90775828899,50617.57642766111,50668.30013140897,11348.46184046158
2018-01-18 04:00:00,50836.30332636121,50882.992793178855,50825.8085016773,50843.28775972887,11477.65222891933
2018-01-18 05:00:00,50603.5978196034,50740.93570165726,50459.60547064782,50727.31245962318,12667.187724034866
2018-01-18 06:00:00,50988.68777255898,50997.72884100738,50905.640009035546,50925.73690464053,9888.22658821817
2018-01-18 07:00:00,50895.218740139026,51017.76266367413,50849.71265670431,50863.89821905084,10189.659323267459
2018-01-18 08:00:00,50897.13014259539,51044.10627556292,50632.95122899277,50866.54883014398,10009.033670915149
2018-01-18 09:00:00,50594.99602282864,50635.679936525245,50549.1318199249,50620.71844470419,13614.441562047341
2018-01-18 10:00:00,50704.64056747382,50767.738146668285,50573.956142582065,50689.40969955529,12870.401217356484
2018-01-18 11:00:00,50710.5600484324,50819.26900959126,50519.10401398096,50676.582382197106,12472.201384445052
2018-01-18 12:00:00,50709.63280213033,50843.69702909072,50595.49203280949,50755.41680475112,8859.05859283881
2018-01-18 13:00:00,51045.438755522475,51156.68551909816,51011.889806966916,51091.452777256956,12085.737375948218
2018-01-18 14:00:00,50974.50941087292,50986.98139952939,50872.337383080536,50982.80905051798,12333.483821756226
2018-01-18 15:00:00,50869.06659068873,50981.884294225005,50608.37954765509,50880.69791392429,10656.150027319696
2018-01-18 16:00:00,51414.57264257725,51416.55317096321,51347.25252880058,51374.26417461824,11040.438607061684
2018-01-18 17:00:00,51428.46507257505,51604.015464064185,51354.88314658556,51489.26425565895,12292.734306274282
2018-01-18 18:00:00,51583.1577609119,51652.57437548405,51521.09180563808,51582.14589161282,10362.726720306156
2018-01-18 19:00:00,51471.616731817376,51631.07787491262,51338.8298598293,51466.37455757438,8358.454521645608
2018-01-18 20:00:00,51505.48731148486,51523.34340527443,51477.737871028905,51502.866448972265,10598.23594165735
2018-01-18 21:00:00,51729.423912980055,51898.22333280041,51718.74129446249,51812.370543116835,8042.260139922499
2018-01-18 22:00:00,51864.54388599599,51866.7104223737,51754.62472657596,51778.5154273877,8731.703422689356
2018-01-18 23:00:00,51634.06705202388,51686.269398433324,51501.71408872781,51653.447238459,12003.843909305224
2018-01-19 00:00:00,51439.06422129973,51490.32034233448,51309.11987884377,51426.387371075274,13844.973235823072
2018-01-19 01:00:00,51178.61594005692,51348.974830503415,51154.66231507376,51220.148181935554,11839.445074003403
2018-01-19 02:00:00,51421.08908932278,51457.89118480933,51405.481966843894,51424.99487032399,9496.742777065958
2018-01-19 03:00:00,51774.015096711344,51876.54451859689,51564.474658822954,51857.3841922455,11012.239720207996
2018-01-19 04:00:00,51802.034331423616,51839.25334743809,51659.80164378954,51820.55735245674,7018.648559606888
2018-01-19 05:00:00,52066.75538393772,52168.80897581124,52022.0566554745,52141.00193658123,12059.395885587295
2018-01-19 06:00:00,51834.24307042165,52044.10018454814,51669.0448647999,51810.297766972195,11341.471101698713
2018-01-19 07:00:00,51697.70632564825,51699.68611799551,51609.3997389091,51675.69830686826,11878.170112767933
2018-01-19 08:00:00,52041.309105827466,52126.174481281596,51906.7018703099,52051.24588603124,9278.414521727584
2018-01-19 09:00:00,52229.605714173675,52266.75280416122,52119.55245597388,52152.20578963777,10998.724529762037
2018-01-19 10:00:00,51925.33801266222,52016.968897664,51847.04579216538,51893.967314075475,10153.924134032897
2018-01-19 11:00:00,51929.06356169347,51958.62332745488,51710.99038919047,51951.75191707754,10555.353738657206
2018-01-19 12:00:00,51846.289516251265,51957.10109613073,51827.49791434725,51879.883909954464,9831.128531021433
2018-01-19 13:00:00,52230.71607491278,52293.437180486355,51961.969270731606,52156.67430336628,12813.524641706459
2018-01-19 14:00:00,52057.575614728325,52262.69327164712,51923.59058794501,52016.45007771931,8819.890527294594
2018-01-19 15:00:00,52171.842563114995,52271.38011752202,52128.62685881664,52171.09792149525,12235.373222522061
2018-01-19 16:00:00,52226.30890188842,52432.753294874696,52032.511295659846,52195.8049959226,13910.982634943522
2018-01-19 17:00:00,52173.267869776435,52359.14104882801,52153.53381216114,52220.20255483292,12658.970201464026
2018-01-19 18:00:00,52275.047502502166,52426.768058766014,52194.909007775444,52196.17100135344,8745.691800056386
2018-01-19 19:00:00,52321.06335126194,52365.09276018789,52002.432573212725,52274.70157761165,11358.10666423369
2018-01-19 20:00:00,52389.8091877196,52519.29397417389,52256.45758019382,52368.63682252776,12224.388989810808
2018-01-19 21:00:00,52527.46407020355,52654.69605845462,52474.4974942872,52621.05522568527,10853.259188417038
2018-01-19 22:00:00,52671.1912735186,52768.082089351185,52667.59357649067,52696.86669221033,9042.957310046955
2018-01-19 23:00:00,52506.270346820376,52626.908127186085,52400.699542926275,52470.62320727328,11832.664327137112
2018-01-20 00:00:00,52075.7215280477,52235.48266219154,51973.531722102605,52111.03012005385,10164.072327843101
2018-01-20 01:00:00,52250.85032702813,52277.136568400405,52147.55759382345,52209.94954806205,13560.265751057314
2018-01-20 02:00:00,52627.17565888128,52636.155764632604,52490.7212096102,52575.71150040352,9505.200068198183
2018-01-20 03:00:00,52710.27114961687,52858.028433371124,52619.68436580075,52688.22648939193,8294.455456832327
2018-01-20 04:00:00,52859.75197332589,52953.19572547052,52833.30093163361,52912.56191806665,14592.201481611137
2018-01-20 05:00:00,53605.926809617056,53625.56765868684,53516.15198482807,53573.42257878166,12597.779766572905
2018-01-20 06:00:00,53603.44126480829,53628.10643366241,53454.11833966249,53507.38420106537,12198.66365369803
2018-01-20 07:00:00,53645.2590126925,53711.484426829935,53540.44128369124,53600.29155726812,9019.72238065095
2018-01-20 08:00:00,53739.02785836089,53788.228395974766,53517.370034220716,53697.20114825009,10989.927166107716
2018-01-20 09:00:00,53784.74320651843,53885.20985351227,53709.92456715621,53843.52422909376,12528.383799337658
2018-01-20 10:00:00,53779.052723772606,53946.17485403431,53740.6513393444,53782.903539428786,12602.689694335615
2018-01-20 11:00:00,53936.32802552509,53941.69724536275,53908.57592778823,53909.33746819239,9811.421948947795
2018-01-20 12:00:00,54085.48538874674,54138.70754517494,54005.848688016165,54062.726443614054,7123.98274423176
2018-01-20 13:00:00,54276.68768576483,54396.39193707165,54201.40820912759,54302.68984762588,10294.377248145567
2018-01-20 14:00:00,54569.28337999567,54643.88715621087,54386.64804599571,54535.63456900266,13181.49917369552
2018-01-20 15:00:00,54575.1903896314,54611.00789220695,54381.31363760701,54595.35120474043,11735.575060665207
2018-01-20 16:00:00,54299.736248791094,54538.836717218066,54178.898878212996,54373.28537626326,9867.32589135298
2018-01-20 17:00:00,54680.26582574412,54896.39696951845,54558.16211938946,54709.57929837517,13224.46091601249
2018-01-20 18:00:00,54648.21892091364,54695.69729899085,54593.37585528001,54678.19828242689,13011.31786862443
2018-01-20 19:00:00,54977.95104321358,55143.596749872995,54932.48810844096,54997.73750475713,11468.504911849195
2018-01-20 20:00:00,54736.02831649349,54826.14037335077,54730.70224350704,54788.46914986598,11059.034591740856
2018-01-20 21:00:00,54612.39574561784,54725.953816934845,54515.164009776905,54624.98138034135,12863.448802502755
2018-01-20 22:00:00,54173.91862401802,54386.61728359968,54103.48993656557,54224.3207190129,10849.81165437735
2018-01-20 23:00:00,53862.90795918663,54020.85974591161,53840.57991701391,53912.60782576199,11124.819806665251
2018-01-21 00:00:00,53769.16627153367,53827.955336264684,53730.45226851184,53759.66044148849,14012.213762537367
2018-01-21 01:00:00,53980.35620366983,54140.294417398116,53892.75725360205,54050.599348427735,8933.126080245287
2018-01-21 02:00:00,54313.72611346826,54435.665295781175,54130.81061819119,54230.32356790734,12831.790640318304
2018-01-21 03:00:00,54321.86890863709,54358.87179416709,54249.50492852592,54291.92819829872,8612.350169040052
2018-01-21 04:00:00,54585.85487222635,54610.89785195581,54517.34547759637,54522.08638562344,8244.0064953997
2018-01-21 05:00:00,54668.220941553445,54675.02068606924,54514.1029474964,54636.96545887002,10398.660984236107
2018-01-21 06:00:00,54707.25075433778,54765.67030217685,54688.17387012342,54763.090725026654,11405.554259673694
2018-01-21 07:00:00,54677.6935691173,54775.227718711416,54629.931046865975,54684.88313264675,8108.161218670377
2018-01-21 08:00:00,55146.397661060044,55288.92492599374,54994.35568230179,55070.32054213232,10094.645413007582
2018-01-21 09:00:00,55147.33626418585,55173.19019575984,55044.695609138595,55131.11535978757,9757.026105830733
2018-01-21 10:00:00,54886.13567136284,54939.20963952726,54807.56507162191,54931.82918681916,12227.693718282715
2018-01-21 11:00:00,55229.30985179893,55287.82402401232,55174.11532422842,55261.36438533317,11849.604087654694
2018-01-21 12:00:00,55321.973185643554,55375.331112901564,55144.07879316549,55280.91702050163,12564.48091590069
2018-01-21 13:00:00,55437.53504789842,55484.09164421796,55361.770897922,55479.88207094464,10623.23512475715
2018-01-21 14:00:00,55852.48764485212,55940.28619520566,55566.8651075429,55720.770847267275,11546.873472088777
2018-01-21 15:00:00,55871.47913742288,56046.81010690179,55721.89936539794,55884.38096181009,12247.2535214569
2018-01-21 16:00:00,55847.600867568195,56070.155271900665,55666.25767177208,55751.74255318969,10010.797155364557
2018-01-21 17:00:00,55924.56573248464,55951.305402986356,55921.72605969771,55946.22423062431,7544.5883188442185
2018-01-21 18:00:00,55907.33740502862,56001.10128799318,55745.91816201537,55945.92486325251,8738.28759029734
2018-01-21 19:00:00,56115.04583886844,56162.110495143854,56026.34232851506,56130.70422460052,11612.092330224003
2018-01-21 20:00:00,56316.09804096084,56353.41403173912,56192.73552845917,56261.62639730633,9046.729052195964
2018-01-21 21:00:00,56244.06505672457,56384.07673535204,55927.150779039745,56078.68372317789,8619.575677861574
2018-01-21 22:00:00,56220.32789289642,56282.04475128973,56160.92559870452,56189.57731525224,10774.18233199478
2018-01-21 23:00:00,56270.91330441083,56520.67742215348,56240.220592610574,56266.08044160937,9467.468418331435
2018-01-22 00:00:00,56476.42252663788,56517.930626258116,56273.018920240735,56308.327584793835,12659.242703559054
2018-01-22 01:00:00,56443.56206437252,56512.067682616456,56187.800590234874,56419.860391869835,8964.400816413352
2018-01-22 02:00:00,56477.20248018122,56592.37619,56373.4327919312,56529.57040749269,10248.739735510848
2018-01-22 03:00:00,56520.77180815576,56624.59531624028,56324.991124955915,56465.67166167926,11098.881399799728
2018-01-22 04:00:00,56237.36315226846,56332.66702369912,56202.66663506723,56308.22733287831,15368.08967542194
2018-01-22 05:00:00,56330.85012651262,56472.275721422484,56215.7793478395,56408.55954533461,14759.196991165865
2018-01-22 06:00:00,55948.151443033115,56263.276233965844,55904.55505703332,56053.52783688675,9437.07308262254
2018-01-22 07:00:00,56028.13560158298,56176.58114500432,55991.40118333274,56176.201898724095,12663.686251168094
2018-01-22 08:00:00,55955.977712021806,56059.5437915217,55922.605367228556,55951.1834139379,9388.376619746556
2018-01-22 09:00:00,55807.01719054196,55935.3944603409,55711.20199809297,55862.64607349566,10577.682974076655
2018-01-22 10:00:00,55793.04493530417,55907.4717642924,55787.44279839503,55873.9835081154,15717.427563853955
2018-01-22 11:00:00,55709.70672612685,55820.77614596114,55597.03447013191,55628.25709825212,14165.516871551241
2018-01-22 12:00:00,55735.51837862546,55741.439792890546,55577.49739257581,55713.8368266984,12973.64462085959
2018-01-22 13:00:00,55503.866941313434,55599.74917501231,55415.05647326094,55577.186989332804,10885.655765692361
2018-01-22 14:00:00,55829.516560074655,55859.84297607269,55823.037797606965,55855.05917107856,12527.175587969512
2018-01-22 15:00:00,55322.26696588727,55379.24295457134,55189.484789072085,55355.85137723482,10114.575594488831
2018-01-22 16:00:00,54977.155350976864,55047.016184486136,54812.378515165015,54943.10647901489,9876.178298516197
2018-01-22 17:00:00,54872.09636158439,55147.49458112893,54773.64855598777,54905.30004884379,13294.7750743017
2018-01-22 18:00:00,54988.50246997866,55073.31803014862,54987.785275261456,55051.1333555379,12077.829901211438
2018-01-22 19:00:00,55160.53034759662,55210.11000054253,55110.08268832434,55201.05751769098,13620.48017986418
2018-01-22 20:00:00,55403.057280194604,55412.34578313216,55203.211319512164,55359.37559467269,11737.573032727096
2018-01-22 21:00:00,55248.89238645889,55326.00915206022,55122.579630637825,55171.46640729511,10136.912658681362
2018-01-22 22:00:00,55265.261189080185,55287.06800626158,55205.28183162082,55239.67501151932,14059.923274237484
2018-01-22 23:00:00,55489.78008804599,55594.24632228867,55364.63656913367,55479.203777231,11716.268689904256
2018-01-23 00:00:00,55871.3080737878,55978.23072994914,55798.44195541564,55883.49324010899,9038.6605327837
2018-01-23 01:00:00,55690.22514041348,55867.477180652706,55688.48556334554,55710.866467619206,12624.098912815965
2018-01-23 02:00:00,55595.70200122354,55652.49769070026,55396.946608569095,55511.36447759331,9815.897803066153
2018-01-23 03:00:00,55643.058532389514,55803.06397728696,55623.935199504915,55703.883491157176,11995.852195972611
2018-01-23 04:00:00,55395.101041656206,55510.95425771843,55290.0333746229,55444.7279455535,11833.771325778422
2018-01-23 05:00:00,55191.06981838713,55327.118379023486,55083.38546244917,55144.29784697771,12126.135680562802
2018-01-23 06:00:00,55025.37068945499,55054.03255362125,54934.09763943001,54993.363091122614,9184.601568662825
2018-01-23 07:00:00,54583.46565074963,54754.29036739131,54553.982414547594,54564.387210180714,10525.793211051952
2018-01-23 08:00:00,54698.81694377399,54751.39516459012,54618.75202041324,54715.34346702125,11603.104452351412
2018-01-23 09:00:00,54812.98345315653,54981.32203191749,54704.348784463065,54787.27356134021,12102.443829224485
2018-01-23 10:00:00,54553.88894834437,54571.49751611541,54539.21430306404,54567.207738256206,11600.947939823362
2018-01-23 11:00:00,54941.72876252155,55085.91994452651,54814.07751589937,54882.358852778416,13392.079975163737
2018-01-23 12:00:00,55029.990041392404,55251.460486567405,54857.47216083466,54970.01882688017,11448.755472155111
2018-01-23 13:00:00,55210.55963971767,55213.199040511376,55163.76352831634,55202.5614602063,13814.144045897796
2018-01-23 14:00:00,55108.92208081727,55164.016026909674,54870.611616633854,55024.604153349486,11661.768727384559
2018-01-23 15:00:00,54599.27380868434,54695.93980093191,54500.49889967159,54565.14287437688,11222.385852720048
2018-01-23 16:00:00,54966.573420005996,55110.85459634505,54803.689499615604,54994.38664980704,14532.656942955431
2018-01-23 17:00:00,55053.57772674023,55201.28382390869,54916.279113560835,54997.94933396566,10126.449496337837
2018-01-23 18:00:00,55364.61476345603,55426.94212741858,55174.22424230108,55271.48152787618,14576.710001058995
2018-01-23 19:00:00,55138.36976330088,55194.61946580537,54966.98201940316,55156.85490927157,12537.156757794002
2018-01-23 20:00:00,55276.74067789781,55281.55137600639,55189.46776408713,55251.143456858335,6446.791860150254
2018-01-23 21:00:00,55201.672569416274,55328.748374549774,55145.71331258578,55188.35440894543,10631.951802224981
2018-01-23 22:00:00,55666.067385375514,55717.92651377354,55561.87437657859,55578.641086645584,10866.894381904893
2018-01-23 23:00:00,55491.8297220237,55575.98664091965,55355.554178659215,55481.00953902449,12120.880203020482
2018-01-24 00:00:00,55578.75248628104,55723.09692706374,55508.54788171079,55623.49133697068,11455.697428468366
2018-01-24 01:00:00,55806.91822715022,55859.551187725636,55749.2775333372,55808.79410385307,10646.360149829425
2018-01-24 02:00:00,55723.996065740066,55785.345322151836,55551.40566575363,55765.62947718892,10115.923255144211
2018-01-24 03:00:00,55690.60225331664,55731.77788278714,55683.72288234083,55704.87271382125,11862.994732554915
2018-01-24 04:00:00,55866.19389475528,56037.041320183605,55749.76378439264,55902.517406659405,10123.034741849131
2018-01-24 05:00:00,55783.63310483634,55971.33500552958,55732.744951053755,55826.6193821497,11326.56791620515
2018-01-24 06:00:00,55931.08997959334,56008.50925052317,55827.42748660119,55962.284647160275,10943.409493325402
2018-01-24 07:00:00,55807.12903953085,56006.457203056336,55735.04593545897,55775.162742475084,11541.993210545135
2018-01-24 08:00:00,55969.28745297971,56008.44356923191,55706.87452387351,55818.9651008745,10828.164355239669
2018-01-24 09:00:00,55420.695866484006,55517.50765643224,55319.23273436209,55425.163120736266,10010.827505728037
2018-01-24 10:00:00,55366.836093581886,55594.719148855955,55331.26370242609,55402.04729917274,14298.602678262563
2018-01-24 11:00:00,55612.035894054825,55653.047896102726,55541.46146452843,55585.24009927202,7530.189357177902
2018-01-24 12:00:00,55572.94041136747,55578.37513189445,55369.962982542434,55526.012159582715,10905.671988960556
2018-01-24 13:00:00,55976.98751543009,55983.929110746474,55800.891317719674,55907.27719465796,10340.287363337507
2018-01-24 14:00:00,55477.70256776893,55702.60869144587,55447.30155437023,55529.0372740824,10561.908837124967
2018-01-24 15:00:00,55570.82816542568,55751.539932404936,55219.084575862464,55465.21482043755,10713.718621279908
2018-01-24 16:00:00,55449.35100062415,55697.61448344845,55319.84576416493,55533.57558427673,11390.196014772733
2018-01-24 17:00:00,55260.04375152592,55385.19257126629,55192.86132452509,55292.60373162748,10029.579134331838
2018-01-24 18:00:00,55220.08597980198,55342.10721665958,55149.77117213369,55174.10752494923,13192.326474150006
2018-01-24 19:00:00,55024.07442206651,55088.99265883261,54894.24784674165,55063.60562473718,11349.393735716043
2018-01-24 20:00:00,54975.94521794815,55097.14432363531,54874.475974038454,54949.356507336444,11735.493153863183
2018-01-24 21:00:00,54838.42314645669,54981.778452264276,54779.76606766349,54884.448465495465,13212.16490448031
2018-01-24 22:00:00,54772.37497612674,55000.9978290231,54683.267090463225,54747.27955112489,10944.093920832376
2018-01-24 23:00:00,54499.71896806692,54623.66197203843,54467.87012491032,54550.806145772345,10662.807766868526
2018-01-25 00:00:00,53950.48845359537,54130.76492056641,53901.10362384287,54065.14441360554,6054.491283094578
2018-01-25 01:00:00,53931.37951794202,54109.6045245714,53889.850003041676,53959.775734260336,11689.38017253367
2018-01-25 02:00:00,53877.92694131921,54075.91810438417,53854.716706950436,53992.96253744698,11914.883551414261
2018-01-25 03:00:00,54729.31871113902,55032.796219085634,54697.85509733504,54843.61900716078,11517.192027925417
2018-01-25 04:00:00,54813.11337964562,54898.87210966312,54776.99058028052,54836.376963145296,8269.087345990978
2018-01-25 05:00:00,54980.862695618925,55128.07106468078,54931.37850530546,55003.75495067708,13262.868590352631
2018-01-25 06:00:00,54908.39844014764,54988.66971700627,54805.52065312747,54888.72337865366,12233.913929822367
2018-01-25 07:00:00,55287.63071136894,55371.288593099394,55276.78686754734,55297.338930367165,13332.569207353426
2018-01-25 08:00:00,55182.186141349564,55203.67378622062,55134.02691050636,55141.10572462679,11165.15447200707
2018-01-25 09:00:00,55193.082252544875,55223.20215724861,55018.87985303436,55199.49803738257,12773.809434107394
2018-01-25 10:00:00,55368.931369232865,55492.68310857171,55263.143427140756,55394.16560117531,12576.88422655363
2018-01-25 11:00:00,55689.58900235679,55748.827154424696,55506.98460398296,55723.244762609545,10293.552009090428
2018-01-25 12:00:00,55922.05993690391,56019.82682625472,55900.75328468036,55948.15949478455,11583.302650798809
2018-01-25 13:00:00,55698.857683679504,56032.06339719097,55673.2939879093,55694.11201904651,8065.148161312747
2018-01-25 14:00:00,56009.07194032016,56061.34755752295,55795.31595704804,55965.56389944312,9291.950262515293
2018-01-25 15:00:00,56412.06872369091,56438.75786993001,56231.524807046495,56359.530844472014,9008.671677659058
2018-01-25 16:00:00,56142.28347225734,56235.90409844201,56023.648354888086,56176.47189574095,13201.549520771585
2018-01-25 17:00:00,56140.89758327618,56204.9376585728,55916.7660385614,56121.11461154588,11486.10324510456
2018-01-25 18:00:00,55690.826595592225,55847.064796722785,55469.48050945073,55694.64914470834,12640.452899914499
2018-01-25 19:00:00,55791.40855001319,55885.84287093559,55660.42713645197,55720.99355836793,11359.658780693684
2018-01-25 20:00:00,55853.60067179128,55935.42531459909,55750.413925165354,55782.625453050954,8021.2026147890665
2018-01-25 21:00:00,55564.37989013039,55581.57660227392,55438.78175190835,55571.19897269496,15341.018016041158
2018-01-25 22:00:00,55944.713942546055,55952.77410574174,55887.319223529616,55911.04887570563,9286.546771959976
2018-01-25 23:00:00,55945.588898164824,56084.53095149651,55893.79073870642,55931.172496380714,10720.533712115452
2018-01-26 00:00:00,55459.387884673575,55553.06152553161,55250.00788068649,55507.14540056738,12001.795624160764
2018-01-26 01:00:00,55240.24139811667,55411.18828984711,55093.84755852697,55213.40567929419,10151.975626727819
2018-01-26 02:00:00,55268.66444898326,55410.94407170934,55041.257222344204,55195.486458077685,9949.52121257719
2018-01-26 03:00:00,55343.2879787081,55741.46015316664,55293.350749457946,55427.501535639756,11993.133439839658
2018-01-26 04:00:00,55670.586538033174,55742.21289835583,55542.109876667804,55696.38295062381,7634.464940548243
2018-01-26 05:00:00,55623.20093196421,55673.17489835708,55555.90759966713,55612.61096225589,11061.993821070515
2018-01-26 06:00:00,55025.61768530882,55111.80413695078,54917.5150133419,55061.86206859562,11106.171598861276
2018-01-26 07:00:00,55144.14163522735,55181.84428855328,55037.96351335355,55163.03768970485,10628.099696547117
2018-01-26 08:00:00,55309.12202585887,55374.003084979464,55275.64281960581,55300.44135183701,12286.297623145912
2018-01-26 09:00:00,54913.33067345403,54950.26040876545,54803.07970628228,54849.75574410188,13155.044462561411
2018-01-26 10:00:00,54512.85325346311,54583.03592261309,54427.40397209523,54551.55436287429,14122.885836506255
2018-01-26 11:00:00,54337.12534827703,54389.55311420742,54206.48264930549,54367.3289427805,10287.774718838726
2018-01-26 12:00:00,54420.96303734216,54449.25144278847,54363.349510690095,54439.08365274103,8273.95344347462
2018-01-26 13:00:00,54607.49918713647,54609.50892121257,54487.27544527462,54511.83456586067,12246.900959210347
2018-01-26 14:00:00,54330.12664716634,54352.11174543438,54060.769410819536,54237.78602144035,9680.54060805682
2018-01-26 15:00:00,54677.27908987135,54737.75654411542,54609.356706185805,54634.92852485911,10552.648487465991
2018-01-26 16:00:00,54907.729876935235,55123.74454080257,54777.356989314445,54900.02411669557,10665.477646053056
2018-01-26 17:00:00,54967.73420746135,55104.86063301569,54753.23891011303,54970.844924509176,11258.458285709288
2018-01-26 18:00:00,54615.310475351704,54625.62825938441,54528.050587070626,54573.850050456465,9445.010670938422
2018-01-26 19:00:00,54913.024775478516,54977.11314101628,54841.670487142146,54855.880052259425,12043.743113531238
2018-01-26 20:00:00,54750.31589154761,54930.935091590225,54586.38167109207,54703.51399058465,9686.715554346663
2018-01-26 21:00:00,54714.48716611439,54848.049542241264,54665.17809681424,54785.33235537175,7634.330588842105
2018-01-26 22:00:00,54518.03621748705,54566.29062199518,54386.1596027483,54533.47676593417,11700.161712833931
2018-01-26 23:00:00,54580.453003092574,54673.57727640128,54465.9751830378,54591.05836061408,13979.73280355893
2018-01-27 00:00:00,54454.83951020208,54541.725419280694,54415.84664537396,54488.19538078967,10749.085038806179
2018-01-27 01:00:00,54547.778876656295,54796.225310442496,54539.84975431678,54652.12925233949,10259.312339788075
2018-01-27 02:00:00,54633.301827173455,54824.52410657424,54469.95500438659,54635.35451268117,11074.386138087113
2018-01-27 03:00:00,54786.98357629708,54898.87639787926,54683.0697195386,54734.90059419428,10518.246036382172
2018-01-27 04:00:00,54806.195222765,54933.91411430516,54740.11860967458,54923.02899605417,11778.07331114148
2018-01-27 05:00:00,54990.10017585589,55107.42063796349,54977.929176449965,55029.04014963297,9386.043990832626
2018-01-27 06:00:00,55196.7392595292,55538.15688849685,55155.36134887305,55217.125819969944,9130.62112248085
2018-01-27 07:00:00,54791.70451139018,54871.593436109164,54646.10752006388,54859.589228463425,11563.732052956964
2018-01-27 08:00:00,54754.19339202444,54804.46763128471,54653.21219741743,54729.242100952106,8922.147197180628
2018-01-27 09:00:00,54327.28175328315,54365.65344334126,54316.78315059328,54348.473511520606,10251.259529694755
2018-01-27 10:00:00,54178.525366118876,54321.24589638957,54061.55453542617,54145.59151628257,9196.009365931895
2018-01-27 11:00:00,53906.14970255195,54039.471317171075,53800.99902376499,53985.334591841696,11928.130559199122
2018-01-27 12:00:00,54227.61540758643,54347.314173583436,54163.45853977228,54199.31563893085,9595.641567588567
2018-01-27 13:00:00,54425.277001043694,54587.88665262235,54328.078477584044,54490.49060153381,14293.316363088958
2018-01-27 14:00:00,54442.67214945764,54691.110595249425,54336.71477679706,54403.919032362886,8236.927554441752
2018-01-27 15:00:00,54036.00425538433,54239.5200806967,53957.310962958196,53997.51957365552,11787.163736670129
2018-01-27 16:00:00,54063.206660488286,54087.24206531367,53901.9951599658,54040.215528332345,9285.830514670166
2018-01-27 17:00:00,53854.93398651592,53986.06668129826,53757.95217343678,53896.57768633304,11812.205574773314
2018-01-27 18:00:00,54090.62143163134,54334.99265002087,53925.835584357184,54154.41754865262,12324.119595042344
2018-01-27 19:00:00,54452.73704190522,54600.3044463093,54372.65846992418,54543.09439790335,12298.662782763218
2018-01-27 20:00:00,54357.85449489828,54506.85330348903,54241.18758223604,54316.70985065844,11510.751842590702
2018-01-27 21:00:00,54058.974870938575,54240.01431346194,53974.71325450296,54104.79356764335,10929.76486512042
2018-01-27 22:00:00,53907.62699286464,54132.7437568621,53701.5468585115,54017.05516850729,8695.17997219556
2018-01-27 23:00:00,54115.15971205602,54250.980393266465,54040.72543522267,54060.6965890906,12688.247967519179
2018-01-28 00:00:00,54221.1858857706,54402.13274693959,53951.61986165845,54066.10251211686,10688.956872686364
2018-01-28 01:00:00,54259.679296135175,54339.2409363935,54210.9050943873,54235.744674132744,7655.777387483084
2018-01-28 02:00:00,54385.537446098635,54455.00519913278,54254.26840907349,54369.32677103165,11661.71571237748
2018-01-28 03:00:00,54356.31746237284,54481.74700044533,54227.304414856946,54404.251325595586,13585.403730270762
2018-01-28 04:00:00,54357.65514452205,54456.00057699143,54227.66389867873,54355.1546580804,12197.750282645202
2018-01-28 05:00:00,54731.8186323307,54821.347606596966,54706.48371982098,54779.93311174911,12163.681167906387
2018-01-28 06:00:00,54687.63318573891,54831.903487256626,54608.758813370594,54735.41507336779,9350.706618985296
2018-01-28 07:00:00,55099.3165276195,55114.115818040314,55026.1534182894,55034.914741428336,11997.303988008633
2018-01-28 08:00:00,54849.6186328618,55085.73346600873,54751.827838675956,54847.97146714949,8189.312199604653
2018-01-28 09:00:00,55162.335768130324,55203.91177893073,55093.08123112938,55180.551977134135,10481.530026940263
2018-01-28 10:00:00,55358.34792010782,55638.14637053201,55320.92307716383,55496.41237522154,8827.361033857012
2018-01-28 11:00:00,55353.12156469671,55457.79507922817,55133.01386264896,55260.48327585292,13047.166176256513
2018-01-28 12:00:00,55286.17768102037,55362.05590298215,55172.75779077133,55338.080682248685,12981.478517160689
2018-01-28 13:00:00,55605.351176500764,55645.571757135775,55380.025691199866,55575.784514634586,10999.435389298806
2018-01-28 14:00:00,55340.69199908093,55571.57857360898,55203.564451833394,55315.82897698908,10349.367019950825
2018-01-28 15:00:00,55407.75209220592,55519.59933434656,55283.4328482445,55410.73899972499,15176.073299631067
2018-01-28 16:00:00,55406.843795328365,55628.7820408817,55378.25652553943,55456.98069301742,12986.979217969263
2018-01-28 17:00:00,55565.02544642252,55630.64496229629,55443.65324633525,55565.15901622543,12502.552387384789
2018-01-28 18:00:00,55684.82578942897,55948.3666593575,55620.89167757656,55771.032735963454,13519.270361262428
2018-01-28 19:00:00,55398.64559072189,55490.94185550627,55342.93843817369,55474.41388521383,14233.449481268533
2018-01-28 20:00:00,55620.36356415193,55748.0666331051,55483.53740607442,55633.864861510505,9263.530233648713
2018-01-28 21:00:00,55983.11328582614,56177.18068639506,55907.09591117677,55999.03855278328,10753.408119003576
2018-01-28 22:00:00,55866.44390919205,55933.36909626337,55857.8229910557,55885.495714910656,9931.139465476332
2018-01-28 23:00:00,55855.65304227401,56093.4567082678,55800.08587875825,55851.26441581016,9236.501795509748
2018-01-29 00:00:00,55502.58642131838,55795.86460483844,55352.124736956284,55596.39668698789,9723.762276265117
2018-01-29 01:00:00,56004.08627940308,56053.473126258745,55959.22909115669,56033.55318619189,11235.917335188527
2018-01-29 02:00:00,55952.03797683091,56181.556147088726,55749.80530635805,56018.99713474916,7971.2143505791655
2018-01-29 03:00:00,55776.72659265059,55899.96550288679,55720.284387969776,55792.33786581084,9689.110035668096
2018-01-29 04:00:00,56345.303694149115,56369.25879077604,56162.70755582107,56278.3016412381,12990.620763843155
2018-01-29 05:00:00,56108.329532323965,56162.93964562242,56011.639605103395,56154.163528949124,11250.308717576152
2018-01-29 06:00:00,55757.95175074837,55811.007342402685,55749.51383251799,55802.751563743455,14550.575918221655
2018-01-29 07:00:00,55524.23220654764,55689.595930564916,55244.0603977145,55496.17393804151,10272.08463826887
2018-01-29 08:00:00,55639.72182019966,55661.474918528766,55597.04538875934,55608.03856428416,11784.755701100083
2018-01-29 09:00:00,55085.11227964837,55099.01332762923,55023.072611233874,55047.56601436776,14684.351952295205
2018-01-29 10:00:00,54879.57493400981,55120.38383460842,54788.24859255142,54901.704492849625,10009.79249071423
2018-01-29 11:00:00,54918.29471120182,54941.11902988293,54730.30349830123,54872.16179267373,10042.096586371059
2018-01-29 12:00:00,54737.370794449926,54788.22072260581,54691.5878273931,54741.5979978645,7803.178842712876
2018-01-29 13:00:00,54991.18795092487,55143.4620750315,54928.460745574936,54977.30239710242,12982.381323924372
2018-01-29 14:00:00,55156.80255353303,55214.413903961606,55071.86201062222,55082.64887290046,15090.382496804388
2018-01-29 15:00:00,55313.002412813024,55454.19487135597,55138.84648255663,55281.28508391018,11526.887867855336
2018-01-29 16:00:00,55282.256599897126,55331.82480562555,55106.6108369419,55316.22754344269,12251.724454190538
2018-01-29 17:00:00,55060.38780542646,55155.1816282529,55017.693989927284,55066.52820940192,10255.491801866643
2018-01-29 18:00:00,54895.08504856119,54978.105242332495,54833.535840753975,54964.07240001816,5726.992357995918
2018-01-29 19:00:00,55478.51704763749,55520.270260003075,55416.09358064794,55418.17941559785,8891.02217482839
2018-01-29 20:00:00,55902.7085480798,55920.22775572276,55682.62626019721,55796.84582329527,11315.516202081062
2018-01-29 21:00:00,55478.43868224359,55515.93975881631,55428.00348675867,55501.2954127023,10606.424100616936
2018-01-29 22:00:00,55479.291857379474,55489.578299212175,55361.60862133141,55483.77930210532,9709.370931569714
2018-01-29 23:00:00,55255.43597660236,55488.13285617074,55074.09939111602,55201.45913149822,13495.428915073118
2018-01-30 00:00:00,54993.96550648213,55177.33948647092,54986.906023378164,55137.495967164185,9180.923204127956
2018-01-30 01:00:00,55110.82290544655,55184.11227161981,54924.87015449351,55026.62143351931,8124.321494728222
2018-01-30 02:00:00,54945.66310368479,55011.933760653556,54886.83644019976,54957.39413203771,11920.699235651351
2018-01-30 03:00:00,55430.71306435651,55436.044224859594,55365.25831717385,55385.5460948875,10357.988358476232
2018-01-30 04:00:00,55614.96722270998,55654.91041530423,55609.27248344001,55649.877138904754,10096.788452939243
2018-01-30 05:00:00,55365.025194421956,55371.780167299425,55291.7757082212,55347.14947629319,10039.5194484095
2018-01-30 06:00:00,55571.42642269538,55810.64077058765,55377.189115256304,55620.19274940401,11782.586116202405
2018-01-30 07:00:00,55684.41254453171,55776.04982942984,55541.914053601,55728.747943845934,7009.726089162684
2018-01-30 08:00:00,55704.37050817334,55951.45614112932,55522.86713455355,55843.60373587006,9952.792339894302
2018-01-30 09:00:00,55573.1789592057,55814.06692686188,55369.59414856494,55584.18116579313,9107.642159049181
2018-01-30 10:00:00,56023.77694963074,56035.366165309264,55781.31903805773,55919.89443069645,14772.518303256486
2018-01-30 11:00:00,56317.545311025555,56409.050323219686,56273.8159489487,56279.33462630776,10711.351854119304
2018-01-30 12:00:00,56438.40250784167,56537.668293721596,56235.194390537035,56356.628958175126,13477.693610035169
2018-01-30 13:00:00,56468.80622390193,56634.433847106,56304.58205199967,56430.03507694144,10935.513958328367
2018-01-30 14:00:00,56224.60587711833,56351.945069021465,55942.183322616474,56312.89658279529,7687.860059889645
2018-01-30 15:00:00,56344.50894282544,56358.37850449321,56295.70084024382,56308.44096877781,8661.410545797517
2018-01-30 16:00:00,56321.03381656107,56610.55195180062,56186.47247886396,56363.68782511889,12725.094475715676
2018-01-30 17:00:00,56391.06803006903,56512.231910350965,56352.85751111074,56378.153222198045,12627.231598570366
2018-01-30 18:00:00,56387.76904432568,56423.94582717889,56292.03050333669,56313.88614145219,8713.890040318343
2018-01-30 19:00:00,56334.43349972458,56453.31470412484,56242.56605150324,56381.340232986346,9080.777122581396
2018-01-30 20:00:00,56939.0535354636,57157.74135148832,56724.27332465013,56863.34913756128,11128.256749839606
2018-01-30 21:00:00,56532.62276579971,56675.860124157996,56392.46889575435,56571.979602201856,10286.786579416832
2018-01-30 22:00:00,56850.89361320645,57112.82145644479,56648.45564551528,56816.56953667458,13266.619831616237
2018-01-30 23:00:00,57024.39729196751,57194.931971400925,56986.0603641289,57079.95771488265,10590.542732083866
2018-01-31 00:00:00,56853.77739177907,57127.93775293659,56853.69975010505,56894.690901743794,12407.834002756626
2018-01-31 01:00:00,56673.312389288934,56840.27877434534,56520.34248082811,56717.54373287147,10252.615217770512
2018-01-31 02:00:00,56734.4173707898,56754.73887715063,56683.19120697586,56728.09941476054,12247.140360472062
2018-01-31 03:00:00,56841.54428209649,56929.969692210216,56705.719949856524,56897.63418658181,12610.36493763297
2018-01-31 04:00:00,56607.91880373281,56831.88523231702,56582.71734163014,56588.02924885131,14415.98063014276
2018-01-31 05:00:00,56329.2650798255,56462.447473147404,56155.4553287939,56376.30112707539,9861.04094620693
2018-01-31 06:00:00,56477.77473313996,56540.29155946333,56393.71482732637,56513.62052283929,11758.78295036581
2018-01-31 07:00:00,56557.575257871606,56618.63541731716,56543.57921713841,56576.761698252434,11824.050097866413
2018-01-31 08:00:00,56456.822171025284,56578.93147061723,56452.86933419977,56467.131317276035,9540.198445468079
2018-01-31 09:00:00,56232.86814196305,56256.794077491766,56130.302942356175,56218.32664506253,10223.973974764822
2018-01-31 10:00:00,56343.914761693224,56394.03535672662,56219.907851482225,56312.897754322454,11268.85426808814
2018-01-31 11:00:00,56398.14142953572,56633.48835366848,56379.63407717655,56397.73658024999,14982.555870915035
2018-01-31 12:00:00,56278.33004984376,56361.388352840935,56243.16980178573,56319.3348677274,13146.923297749545
2018-01-31 13:00:00,56079.767301174434,56145.98876478336,56022.85020541264,56038.78164290245,11609.637172259041
2018-01-31 14:00:00,56321.42898325468,56450.181945277574,56180.03731051738,56272.34175407238,10883.560510941466
2018-01-31 15:00:00,56295.678928459376,56312.594990576654,56157.39241104483,56291.558555754295,10849.307672271418
2018-01-31 16:00:00,56020.2348339385,56062.318069892484,55882.51303218316,56042.28914791509,12085.5704329079
2018-01-31 17:00:00,55993.2363462751,56022.8875994076,55711.95504729982,55854.427486284316,10726.914019560987
2018-01-31 18:00:00,56023.37251846592,56159.86727073918,55858.006804105855,55976.38210868879,12569.954600131361
2018-01-31 19:00:00,55876.665728105494,55945.82252804597,55772.38555734607,55908.63126674344,10599.102738602107
2018-01-31 20:00:00,56231.19982637154,56334.25147578255,56055.650339341504,56149.63592497397,10747.324893970394
2018-01-31 21:00:00,56192.0408025177,56373.57857849634,56144.38243774682,56221.532764069154,11071.00468683333
2018-01-31 22:00:00,55827.87172060479,55932.845339914915,55589.755170507,55901.427703337715,12822.74733735933
2018-01-31 23:00:00,56050.04657471239,56308.76420138752,55848.58396712227,55868.858671934155,10808.593395443633
2018-02-01 00:00:00,56189.67812951676,56373.758780525015,55893.72973513222,56094.140126476435,9880.337350002113
2018-02-01 01:00:00,56255.63554600971,56375.996892187904,56092.785028668615,56227.69748807284,6830.941046656022
2018-02-01 02:00:00,56376.75580298474,56651.26576499392,56360.3993562211,56423.48552340293,12427.716238793619
2018-02-01 03:00:00,56372.937061513985,56416.73480666438,56331.15538403219,56398.759142370014,8573.5151985077
2018-02-01 04:00:00,56269.66763151955,56305.86912073445,56221.44718202482,56240.35066686598,9208.732732663917
2018-02-01 05:00:00,56079.97534706636,56222.39308770642,55919.71473700906,56202.33147845671,8346.56216232421
2018-02-01 06:00:00,56091.873732250264,56232.42231396364,56023.1526157973,56073.41958975782,9753.949407321386
2018-02-01 07:00:00,55640.36098631354,55867.60468238374,55603.744789077384,55634.606246718584,10959.897837469316
2018-02-01 08:00:00,55708.44574203097,55799.64820603829,55616.7184530049,55709.06366718514,11406.370741601158
2018-02-01 09:00:00,55661.43071832715,55861.02589812545,55587.43410671187,55715.77399146194,10004.742492738857
2018-02-01 10:00:00,55913.99454562933,56029.32298086892,55829.038473695146,55941.82956866861,7812.076604441436
2018-02-01 11:00:00,55947.50650281781,56187.85133749547,55715.258555547625,56050.14243406608,10845.074552976392
2018-02-01 12:00:00,56000.94173379542,56136.05183481749,55869.64934554624,56019.24300835182,11835.865754383834
2018-02-01 13:00:00,55916.3619726336,56015.36174457184,55878.43562480018,55898.67796069786,13345.900467168914
2018-02-01 14:00:00,56009.42787551777,56061.35948919874,55982.468838047775,56032.53646782682,11014.18433245051
2018-02-01 15:00:00,55953.16225627273,55986.09733070036,55841.99913527995,55962.35884203487,9171.41811141804
2018-02-01 16:00:00,55565.270473187724,55789.826604699614,55547.54931854591,55654.33249331722,9392.982472114609
2018-02-01 17:00:00,55773.39072687036,55992.971036157505,55698.396808366924,55771.45469060467,12459.437562065077
2018-02-01 18:00:00,55575.869296647834,55671.07056483796,55541.67492238258,55552.52659478626,8723.902867481062
2018-02-01 19:00:00,55135.742852240845,55170.50684535129,55091.89012159146,55156.85784554916,8868.744995199393
2018-02-01 20:00:00,55086.21742108384,55091.163395519885,55051.28581578852,55071.3869855513,9793.79263918238
2018-02-01 21:00:00,55267.172757055945,55386.20869727569,55136.533198626654,55332.253077777525,11865.634566948012
2018-02-01 22:00:00,55260.985556450774,55404.76618023421,55103.71556286662,55290.19520328609,9253.776331316642
2018-02-01 23:00:00,55273.36024686563,55315.342313579604,55098.153526230744,55205.03552721179,10441.446130307173
2018-02-02 00:00:00,55033.05125565044,55179.95994230873,54882.06883576575,55072.14085500806,13895.805540321871
2018-02-02 01:00:00,55317.622109262215,55368.839535233536,55240.77333889868,55257.34399068341,8420.326733855518
2018-02-02 02:00:00,55171.36322600802,55314.37435789873,55022.03463010977,55144.14105345787,10342.08931342652
2018-02-02 03:00:00,55036.598334976814,55178.70788101677,54956.90640480377,55113.52519834343,10648.297367881358
2018-02-02 04:00:00,54973.22002445361,55017.421965169924,54949.51451884961,55016.64678221439,10330.655811898401
2018-02-02 05:00:00,54876.61638350535,55058.10622448174,54843.73937970861,54859.087551615965,12793.012786840032
2018-02-02 06:00:00,54565.37223457478,54685.128856180956,54395.612787543556,54556.765280760876,9669.131466573735
2018-02-02 07:00:00,54871.677293567336,54898.3454469461,54651.553751422194,54819.5978079285,10646.694827501713
2018-02-02 08:00:00,54898.12999987912,55100.57163955686,54790.758666763395,54888.49508040547,10884.66002453231
2018-02-02 09:00:00,54888.17754810295,55026.82085940085,54872.47417554464,55008.98430895429,12529.301579329183
2018-02-02 10:00:00,55196.32540003252,55284.632953049695,54953.68154765067,55164.18832608837,10292.505037289478
2018-02-02 11:00:00,55465.14397037875,55543.96538689268,55340.402734535164,55387.96336206152,11683.351367094738
2018-02-02 12:00:00,55260.33551080131,55452.01430003535,55156.163367524416,55267.52362114746,13906.601823277731
2018-02-02 13:00:00,55272.25885728847,55427.77454402701,55134.41343805686,55199.09620278827,9673.81375529428
2018-02-02 14:00:00,54901.36547405198,55012.20823325489,54796.61367110722,54889.37027807972,8301.771271174877
2018-02-02 15:00:00,54867.15179453408,54932.124275354436,54762.94869555344,54871.949541482885,10893.052673709512
2018-02-02 16:00:00,55294.34961072886,55332.660467404,55103.772292474976,55281.95347601375,10527.212863430897
2018-02-02 17:00:00,55263.351811468405,55314.4686019161,55080.106339801874,55210.33306382292,11310.057895539867
2018-02-02 18:00:00,55445.989367391565,55544.40643847309,55277.15235412647,55361.39541909173,11108.154790307295
2018-02-02 19:00:00,55519.43870527724,55667.42881133154,55411.400538132584,55450.1534667756,9609.376252238766
2018-02-02 20:00:00,55605.34524541989,55671.735168051426,55271.52159468261,55537.02236893202,10258.002658955953
2018-02-02 21:00:00,55772.69462059351,55820.45682227326,55711.51048477587,55742.725664404396,8697.744674804384
2018-02-02 22:00:00,55813.80511805138,56104.4175119159,55750.1207617603,55860.40844071457,9954.833055402887
2018-02-02 23:00:00,55721.41307867044,55753.28579464494,55596.94996637741,55726.59254260159,11335.549105539283
2018-02-03 00:00:00,55671.33827895722,55676.82840056528,55480.8503548331,55566.293497007166,9905.192286599433
2018-02-03 01:00:00,55667.09297235176,55877.47553800827,55425.4805377148,55649.77976986043,13323.160029660585
2018-02-03 02:00:00,55502.90025355566,55602.77086052653,55493.27630603004,55564.14693137236,11640.204107413812
2018-02-03 03:00:00,55637.65628764365,55798.70568173547,55546.32060162427,55609.50447708236,9110.620101962106
2018-02-03 04:00:00,56007.10630408575,56360.18145729841,55789.72956177033,55915.3707325391,11437.187623670496
2018-02-03 05:00:00,55483.15471071813,55543.98647462943,55239.16153389266,55452.48121751353,9605.693053966552
2018-02-03 06:00:00,55054.61880041391,55298.19828857198,54971.915812115716,55080.576278831126,7282.850516738623
2018-02-03 07:00:00,54975.13432519166,55124.89030348947,54794.444455466786,55089.60014752935,11649.166204584431
2018-02-03 08:00:00,54900.36342148827,54904.054885203506,54848.468265986616,54902.07655782687,8539.654946094513
2018-02-03 09:00:00,54886.11828698379,55104.285692171514,54832.519375237316,55034.95435699248,12139.98828692823
2018-02-03 10:00:00,54965.32208776972,55151.121395211114,54943.481066335364,55042.688056486855,10857.678784643798
2018-02-03 11:00:00,54891.52760172159,54994.39821628087,54834.69372941588,54917.934000039,10841.435760747669
2018-02-03 12:00:00,55318.485383554806,55602.52800740431,55231.79139671707,55397.353634052924,9778.442489670615
2018-02-03 13:00:00,55286.38436009423,55358.35471283957,55109.629575135,55329.605434278696,12443.831225512615
2018-02-03 14:00:00,55444.56440635045,55651.029334752864,55129.741447169385,55523.197861385874,9543.114522051043
2018-02-03 15:00:00,55767.26470051546,55791.971078054914,55735.96493598991,55738.45090252818,9760.00602336427
2018-02-03 16:00:00,55829.61556374966,56010.044240020994,55753.45677176915,55786.88959672775,12678.382767718402
2018-02-03 17:00:00,55736.07728249592,56049.83287777721,55685.427153655575,55697.05032523971,11707.952690009583
2018-02-03 18:00:00,55545.47062430933,55596.60263235865,55513.76347116408,55535.404767629625,9164.548424524059
2018-02-03 19:00:00,55665.297808663614,55715.24469554225,55477.08083963239,55584.023075864505,10573.37845397727
2018-02-03 20:00:00,55769.10233427011,55875.16520985947,55718.01482369608,55753.532165869205,9214.946005807442
2018-02-03 21:00:00,55625.70812704977,55658.776973436725,55482.89984754277,55615.17859942577,12897.174388129177
2018-02-03 22:00:00,55705.92305023989,55916.634253130156,55689.77896357601,55745.20828366644,10197.301315049912
2018-02-03 23:00:00,55752.97151068465,55997.14837857019,55709.66851910992,55773.22369745555,10449.885600077037
2018-02-04 00:00:00,55878.33613610571,56105.11180223381,55664.697549584256,55917.37763097276,13360.101496044725
2018-02-04 01:00:00,55918.025192414025,55926.949875206,55742.666249418675,55870.00018543679,10302.74846380494
2018-02-04 02:00:00,55706.292773207286,55718.93594537449,55602.62460417734,55627.27399201243,13222.553445280631
2018-02-04 03:00:00,55433.42638303432,55498.82615814656,55385.791447876145,55400.43592771411,11130.10213769172
2018-02-04 04:00:00,55027.863025737795,55219.56337530584,54930.332611057675,55070.75416906072,10887.248760810977
2018-02-04 05:00:00,55110.84295029086,55276.632593018854,55088.75975139186,55127.06367563516,11417.315765842726
2018-02-04 06:00:00,55339.47633683144,55555.188510593965,55170.086470893584,55382.52913574021,13933.355836003037
2018-02-04 07:00:00,55289.317491048525,55511.7848765593,55239.02691200383,55302.7393966514,9128.348244151608
2018-02-04 08:00:00,55163.51090851573,55276.77131171636,55140.60664903647,55171.08650368717,11553.817976122005
2018-02-04 09:00:00,54883.69942307854,55129.696495229204,54802.998317863574,54932.0810781385,13981.174853703133
2018-02-04 10:00:00,54881.54581744192,54999.032406607024,54741.81372720876,54881.42025225692,10800.537391497643
2018-02-04 11:00:00,54795.870621524315,54835.97442779462,54698.191098503914,54798.9350025482,11007.613746189472
2018-02-04 12:00:00,55027.339302233144,55069.30420905974,54903.089436419476,54937.33218937568,8265.960514837878
2018-02-04 13:00:00,54383.09074707415,54393.404416623685,54306.00866550728,54361.97787427483,11438.35436753542
2018-02-04 14:00:00,54412.85792584279,54422.22900272368,54270.36841496571,54351.56130840805,12782.29923012672
2018-02-04 15:00:00,54335.667900986846,54387.548760154976,54236.492842224645,54307.073234745876,11151.502814334253
2018-02-04 16:00:00,54338.63597475038,54367.831662340905,54113.10047455723,54312.575332745335,10221.007009540901
2018-02-04 17:00:00,54471.544909755925,54514.59801632571,54364.086005477155,54487.74826270107,9718.44819093394
2018-02-04 18:00:00,54145.5183040873,54206.6572792112,54040.88248850239,54154.21715661619,10684.318779382356
2018-02-04 19:00:00,54262.88925282347,54296.70895104726,54066.08777059396,54263.39328169284,10382.818049196385
2018-02-04 20:00:00,54298.85922561766,54418.48257868786,54235.33958895183,54326.52301708151,10138.23457126096
2018-02-04 21:00:00,54535.16262570523,54613.26171619397,54362.020661661336,54407.35562399049,10886.378576399753
2018-02-04 22:00:00,54510.57598794856,54650.569590652194,54231.75510618167,54496.21346664097,6703.526233647789
2018-02-04 23:00:00,54450.52743015507,54621.02815233689,54063.66902157377,54390.84434645305,12028.122931194575
2018-02-05 00:00:00,54387.21666364008,54553.89328831665,54281.73334006413,54446.574777183596,11198.963571453092
2018-02-05 01:00:00,54339.728261216456,54649.96753551535,54219.818010421775,54312.8942198473,8973.10287036011
2018-02-05 02:00:00,54230.72501992871,54346.501326421945,54029.05865756203,54259.91944796354,11081.884657395354
2018-02-05 03:00:00,54484.785169442635,54537.28300031659,54348.52300880835,54383.81360132926,7753.0469733877435
2018-02-05 04:00:00,53911.70277436096,53912.30230415794,53739.23399481155,53866.197990577726,8527.874799854451
2018-02-05 05:00:00,54081.79239803187,54127.1892611908,53951.05166303486,53980.91190681158,11015.40094548383
2018-02-05 06:00:00,53717.13942277352,53782.766472783274,53590.295074314876,53644.4204981943,8186.538248171744
2018-02-05 07:00:00,53470.642079393416,53507.783032165855,53238.82456746279,53394.01699840515,10859.184813694668
2018-02-05 08:00:00,53050.583943131904,53113.172206972915,52929.23578770391,53003.30141526054,11045.379561572148
2018-02-05 09:00:00,52687.4449875769,52918.87175954214,52626.85027773312,52678.79013811115,10896.468044590167
2018-02-05 10:00:00,52919.16128557696,52941.33803702922,52792.50379273096,52908.01523521043,11420.926446421277
2018-02-05 11:00:00,53085.37385054798,53281.1599982814,53075.637353395796,53129.79366017613,9402.014879230626
2018-02-05 12:00:00,53329.167210056614,53425.4979277703,53298.048720287225,53344.46609544133,10892.312941646172
2018-02-05 13:00:00,53467.997300976014,53681.39147667843,53332.58169534895,53452.44814109078,12672.937972623467
2018-02-05 14:00:00,53398.88734330476,53572.03737780932,53283.5739069442,53426.86866683464,7360.762448068494
2018-02-05 15:00:00,53375.93427183676,53511.142413911446,53368.66196890849,53407.895563641796,11655.147135534928
2018-02-05 16:00:00,53776.31252182203,53982.62242824865,53671.65289450079,53857.73914464999,9597.63306912194
2018-02-05 17:00:00,53879.5469864923,53924.23414216788,53716.924395801296,53904.21534771487,12090.091218736363
2018-02-05 18:00:00,53993.33126389858,54176.90241618185,53970.81947759918,54016.57509959597,13171.894678755047
2018-02-05 19:00:00,53632.65940310231,53702.864873853425,53527.04009369161,53689.3064194903,9573.457795192617
2018-02-05 20:00:00,53527.82154276482,53705.44787777689,53452.51561476884,53601.020028598214,8646.734391984264
2018-02-05 21:00:00,53227.55394486726,53339.07929920126,53206.5906125511,53261.109774462864,10163.754059391887
2018-02-05 22:00:00,53180.22376333094,53325.93235453591,53139.44144179345,53273.223225087364,10263.2447466277
2018-02-05 23:00:00,53429.932211037194,53610.90650107801,53413.42303887761,53490.24225050669,10394.205338219288
2018-02-06 00:00:00,53482.92713125848,53619.20718541745,53367.75922862192,53488.66458033823,9627.465369536123
2018-02-06 01:00:00,53681.072840549336,53809.80162070891,53498.61774696586,53713.060844758045,10276.768951505059
2018-02-06 02:00:00,53799.99838851866,53943.44182141656,53778.54036826922,53862.138722218944,11851.468907888388
2018-02-06 03:00:00,53636.50131638053,53779.81944261568,53415.15386457215,53725.74425915842,10428.769113963437
2018-02-06 04:00:00,53941.04250934228,54151.233776193025,53820.123636719734,53930.693331397924,9822.982901013962
2018-02-06 05:00:00,53936.726842432625,54109.964941288636,53835.28276346996,53939.281984114954,9990.630367436252
2018-02-06 06:00:00,53505.19088707518,53531.8441602607,53323.64134736078,53502.64986067264,11727.583157499197
2018-02-06 07:00:00,53670.71168462894,53705.49762382456,53595.05751626639,53658.52934838168,12224.396648858045
2018-02-06 08:00:00,53682.887468370485,53756.913533352854,53554.53376187273,53727.19156871951,9926.067694498886
2018-02-06 09:00:00,54152.26440858924,54184.255155544124,54079.431172977434,54180.74348339043,11401.88750465647
2018-02-06 10:00:00,53776.49279837578,53923.39812341639,53761.93675499423,53805.87305408513,12790.005275916033
2018-02-06 11:00:00,53819.65372702658,54167.92856508039,53787.86999871308,53947.599055322,9602.3015471126
2018-02-06 12:00:00,53993.714598338884,54065.72587694559,53962.83438402557,53984.20313117125,9906.549882283447
2018-02-06 13:00:00,53862.59554042741,54054.02647944706,53846.8852788069,53899.5857015202,12053.538985729409
2018-02-06 14:00:00,54057.5755902657,54092.64168110537,53955.74021855842,54013.288730857385,12511.39495597614
2018-02-06 15:00:00,53674.30695536714,53826.29229766632,53558.36443447264,53722.6934479472,12697.019325452136
2018-02-06 16:00:00,53887.79907068333,53982.56429849319,53792.5671638618,53830.09698208099,10774.686028910304
2018-02-06 17:00:00,54008.91561707651,54056.72495767911,53950.48785200548,54015.13947006815,12577.104500944219
2018-02-06 18:00:00,53870.14683504194,53987.480861381075,53601.00500741146,53873.43719138646,11360.827336544713
2018-02-06 19:00:00,54021.49969398444,54232.13618946259,53969.449267867625,54007.34616110876,7006.974031908054
2018-02-06 20:00:00,54246.96299847039,54442.29396759595,54144.34188734577,54305.942215850155,9378.93736543509
2018-02-06 21:00:00,54081.53161778521,54172.85629201035,54051.508526216436,54062.58969653483,10130.910336547548
2018-02-06 22:00:00,53560.38489631927,53704.45355365386,53500.23039824932,53680.116679836516,10004.438329554561
2018-02-06 23:00:00,53895.38589312208,53924.763698983945,53795.54652704549,53832.21689397384,11900.25745960499
2018-02-07 00:00:00,53554.66932699581,53613.781468450106,53469.87835254838,53542.72110522168,7513.845135495563
2018-02-07 01:00:00,53335.454363871846,53393.002508129524,53284.172902682054,53382.338109783464,13694.078733402766
2018-02-07 02:00:00,53252.807245035634,53401.82504937243,53221.22013595388,53279.31756818624,13281.772720138353
2018-02-07 03:00:00,53281.78979083759,53485.74196125212,53116.455091813055,53343.514457917416,12191.693302565252
2018-02-07 04:00:00,53698.922796933475,53789.47049323369,53475.14153666959,53599.797360908226,9955.970601223367
2018-02-07 05:00:00,53399.898331077915,53444.506550486774,53343.07744608135,53354.542737006595,11697.268665139381
2018-02-07 06:00:00,53494.773554615844,53633.323475848396,53368.032885196095,53426.18411868664,12522.445170613271
2018-02-07 07:00:00,53514.02259624844,53619.72402822795,53364.77251499786,53538.71303019005,12897.00479413259
2018-02-07 08:00:00,53300.80627538999,53390.90105021188,53226.601779692865,53285.577082321106,10938.934593329765
2018-02-07 09:00:00,52970.60673851135,53031.83236690259,52855.02089786788,52948.331395030415,11002.386239721933
2018-02-07 10:00:00,52983.94192962154,53097.23648433043,52935.34096389782,53034.72633709967,12542.0644644366
2018-02-07 11:00:00,53350.224304217125,53508.2077817275,53118.718750410204,53393.21501268007,8850.459078033879
2018-02-07 12:00:00,53119.17417031567,53359.58128264781,53075.29784802368,53191.115616387884,10614.67814408985
2018-02-07 13:00:00,53311.28374418185,53339.60450996244,53204.41515009919,53274.49915764669,10874.841884763915
2018-02-07 14:00:00,53080.30673818018,53142.84724360259,52924.99844725991,53024.216969542875,10679.747823552083
2018-02-07 15:00:00,52811.20963393566,52869.61882667224,52774.4169367045,52833.26384344357,9383.905880433867
2018-02-07 16:00:00,52789.48986753045,52841.89928550116,52513.989106083325,52732.83724004829,13124.23071273475
2018-02-07 17:00:00,52903.316270715564,53057.77497950503,52897.697218862966,52976.84116246745,10008.232753631151
2018-02-07 18:00:00,53065.20417062529,53118.35763188877,52921.94895078936,53015.09369255857,12336.426044466716
2018-02-07 19:00:00,52893.996147263046,52926.08694186386,52859.3889886383,52882.53739412174,12379.237355072917
2018-02-07 20:00:00,52767.59317663654,52959.78183432489,52602.196672443526,52665.14918785027,11666.381401895134
2018-02-07 21:00:00,52785.570215154636,52796.93382709086,52742.22797444284,52790.87441630122,10584.074940576176
2018-02-07 22:00:00,53132.26210380819,53225.01236818463,52985.12090499019,53087.70298732919,10857.100836069734
2018-02-07 23:00:00,52973.22960947439,53064.74971481477,52916.26794512352,53026.5531843046,12179.726893730427
2018-02-08 00:00:00,52892.979376492716,52987.79878614348,52779.05093642823,52802.21023265497,12425.34675869852
2018-02-08 01:00:00,52729.23777526481,52858.86560366056,52531.3183546935,52684.32603931589,11025.468676938364
2018-02-08 02:00:00,52545.548748180605,52646.30977825826,52484.12770012249,52561.27412333387,9651.156159039001
2018-02-08 03:00:00,52455.51430167546,52708.54539662625,52396.09326251575,52517.32520370424,12496.910215124726
2018-02-08 04:00:00,52512.203301137706,52564.58031010385,52429.863874466064,52563.954303977946,10661.129596844648
2018-02-08 05:00:00,52871.3952685914,52968.56388958904,52768.88564985066,52817.44143915394,9056.283593993323
2018-02-08 06:00:00,52700.789825002954,52758.31660676125,52461.60765338364,52690.449801569746,10985.39623709885
2018-02-08 07:00:00,52711.76958317824,52862.57194453749,52667.30403500087,52726.40349362407,13358.345434545616
2018-02-08 08:00:00,52732.882116131375,52905.32564300071,52545.283343593364,52683.49252766004,9034.145131828282
2018-02-08 09:00:00,52614.501595811795,52684.170078892,52542.27729538059,52632.66853534383,9489.993186753674
2018-02-08 10:00:00,52543.233926611094,52801.41786122389,52489.3903274394,52649.58225683829,11100.555091720094
2018-02-08 11:00:00,52647.26917915382,52946.04310998948,52585.256047357216,52587.00302360145,10809.526236504144
2018-02-08 12:00:00,52584.827761690205,52678.147895213806,52413.181198869366,52494.21086140904,11641.25501967095
2018-02-08 13:00:00,52726.52335526282,52839.07081011377,52610.9394441116,52761.725402545424,11765.578354994199
2018-02-08 14:00:00,52410.02900548981,52478.83175479914,52322.21451118777,52438.30924861757,9777.38482425268
2018-02-08 15:00:00,51856.77501479421,51983.33880572286,51620.54058273534,51829.65653678538,5901.813335028546
2018-02-08 16:00:00,52007.68964947876,52031.161383509774,51856.54009753553,52001.001413258484,12147.184429441531
2018-02-08 17:00:00,52266.902852789164,52343.41509193347,52097.901650970736,52339.798346552474,10587.11180266016
2018-02-08 18:00:00,52323.13117787034,52327.89926773025,52225.16894785236,52290.36532186219,12266.192239650009
2018-02-08 19:00:00,52727.077956580775,52842.97392410832,52701.127416643525,52743.707871259976,9555.895951148821
2018-02-08 20:00:00,53043.97421369432,53119.01931472209,52993.97329577582,53059.00148004189,12293.151362248955
2018-02-08 21:00:00,52994.1484201217,53204.795985766126,52903.404436903984,53028.17484044889,11064.018933259389
2018-02-08 22:00:00,53082.45190355307,53220.258790237174,52970.43649867955,53169.18866781927,12481.009005501204
2018-02-08 23:00:00,53003.80761018888,53121.03433637862,52875.858021473105,52967.11363415672,11452.369966828584
2018-02-09 00:00:00,52890.25205641884,53076.45315422145,52816.25909940498,52920.756616527055,9133.281067574007
2018-02-09 01:00:00,53022.00356191215,53165.078778065064,52868.91798125063,53064.24996424217,10130.762288971067
2018-02-09 02:00:00,53062.24219117661,53163.1990758426,52993.44315305467,53049.346333925016,10656.430004804277
2018-02-09 03:00:00,53036.985614867626,53171.97218571793,52996.550380102584,53009.9421969291,10155.564462421264
2018-02-09 04:00:00,52725.75579353044,52872.42644661495,52664.80708454779,52802.06561673158,12039.25434519199
2018-02-09 05:00:00,52851.78632516481,52902.959379628526,52676.6982768445,52777.53178189845,10930.262789018823
2018-02-09 06:00:00,52682.93940387934,52726.10107351587,52614.15117622304,52651.741651217926,11146.301159701157
2018-02-09 07:00:00,52772.13286352274,52897.12436157234,52570.28523273666,52646.3936913048,11201.2384847661
2018-02-09 08:00:00,52888.50057236284,52891.27243252702,52829.02528924002,52861.11878895596,10854.348792207162
2018-02-09 09:00:00,52204.38481148988,52255.38599800446,52027.139137385144,52193.39283915216,11034.819327461159
2018-02-09 10:00:00,51945.18720629377,52056.4657020344,51896.004732625704,51947.77836948545,11523.705255811074
2018-02-09 11:00:00,52108.16230597756,52152.95332594209,51965.904751442984,52149.406321885224,12262.690607464487
2018-02-09 12:00:00,52286.159982169396,52286.32928803449,52216.89681909591,52260.24908827128,13887.810394955473
2018-02-09 13:00:00,52210.50344454416,52323.9178463134,52112.61359780571,52203.2657131791,11176.063927567953
2018-02-09 14:00:00,52422.9531798719,52461.13284457946,52380.29292762744,52436.39162153745,10037.437992480218
2018-02-09 15:00:00,52422.275048647105,52635.38331233585,52352.50914717502,52500.882396193425,12299.426273788655
2018-02-09 16:00:00,52271.74132259939,52341.98875204498,52196.66427620382,52236.80325229281,9210.028660760374
2018-02-09 17:00:00,52229.693640684105,52317.99225975448,52122.161778898895,52291.55749118344,12434.063468727336
2018-02-09 18:00:00,52246.36802934299,52364.872878182956,52244.342830787726,52297.34782790896,6823.431923185238
2018-02-09 19:00:00,52462.40920863483,52589.85058859762,52347.488148327466,52463.68055228984,5281.9331362471985
2018-02-09 20:00:00,52540.1851463318,52717.84154700399,52422.07967743086,52524.87080188355,15959.391938695822
2018-02-09 21:00:00,52501.636924923136,52569.95833695939,52243.96008561971,52463.2884133272,10693.53515576737
2018-02-09 22:00:00,52389.21593523041,52422.19031533352,52361.52632013426,52410.17362314714,10729.789487743148
2018-02-09 23:00:00,52173.160471614065,52376.5702424326,51933.963711006116,52147.8070009369,12330.524890462822
2018-02-10 00:00:00,52253.175110268974,52402.015973259025,52179.19392157794,52256.17437247445,10527.055854164293
2018-02-10 01:00:00,51886.831711931976,51992.950701470676,51738.71500545515,51925.205927185925,10245.01744521461
2018-02-10 02:00:00,51985.23176573213,52153.620379251624,51901.644876397535,52084.92544179981,11553.222110074346
2018-02-10 03:00:00,52104.621971711385,52195.74624950206,51970.59688971833,52035.91302314374,10496.88656606624
2018-02-10 04:00:00,51996.003112949365,52093.52395288412,51994.53693319902,52005.56453845571,10887.23320018072
2018-02-10 05:00:00,52062.7473562094,52145.838933465595,51962.19549179174,52058.34815791379,9108.878020709959
2018-02-10 06:00:00,52179.88210076195,52303.279888821904,52115.20630732382,52241.85852054479,7559.629595007493
2018-02-10 07:00:00,52239.41481390571,52343.21231154579,52098.27934339428,52263.90024804096,9823.377546852646
2018-02-10 08:00:00,52101.87937963739,52173.320408168496,52083.17663162179,52097.93582951038,13099.466982204654
2018-02-10 09:00:00,52097.46466144541,52266.47987238737,52038.923563612836,52211.19167015801,11862.849716172961
2018-02-10 10:00:00,51797.31909846402,51852.33055463771,51650.23929839704,51665.62292402373,13126.821889554463
2018-02-10 11:00:00,52197.96325070277,52297.0154729856,52138.91995491113,52152.551591397845,10745.253643939493
2018-02-10 12:00:00,52012.89942715004,52127.42971247819,51872.40676406182,52055.90343321575,10863.431388766958
2018-02-10 13:00:00,51717.59051543625,51721.34837845607,51692.523279379086,51707.71865751876,10060.163173964014
2018-02-10 14:00:00,52417.89133544225,52548.363922505814,52322.31401601037,52346.69376493069,9905.588942712817
2018-02-10 15:00:00,52067.02526781766,52181.96133153238,51996.070383984945,52136.892461280215,12742.086843245368
2018-02-10 16:00:00,52418.67012477888,52508.032086198014,52296.98248197269,52346.75017169891,12138.417589956141
2018-02-10 17:00:00,52209.75561622669,52418.275932885444,52186.00060807535,52250.080763331345,12144.741951281128
2018-02-10 18:00:00,52017.377708414955,52140.19400505824,52004.475173711384,52080.87911532309,9084.403987728772
2018-02-10 19:00:00,51993.492485558796,52198.099602031456,51923.72644766727,52081.43225412192,12086.82293650021
2018-02-10 20:00:00,51949.47212791152,52109.25321032987,51910.689951233995,52002.39831290079,12160.133284961525
2018-02-10 21:00:00,52172.16443704701,52318.50262700495,52144.21647241065,52198.08244151052,9517.637052873471
2018-02-10 22:00:00,52161.522094844295,52247.80929424853,52076.02662072105,52092.485169757376,8710.5457979971
2018-02-10 23:00:00,52194.54451988514,52233.75657606707,51998.246634947835,52139.138484239484,13326.941521132772
2018-02-11 00:00:00,52504.749650696984,52566.43135898741,52340.27004395923,52488.727827307324,11805.309086724155
2018-02-11 01:00:00,52362.618284121214,52411.10963587135,52227.46393390205,52386.11570105244,10742.133952344453
2018-02-11 02:00:00,52503.20987014578,52779.99470848022,52385.353371830955,52618.510383666566,10172.423691505142
2018-02-11 03:00:00,52735.676969847606,52865.40571933962,52631.86637754402,52735.5109728608,8479.872698270583
2018-02-11 04:00:00,52851.15617724369,52870.78347721257,52774.18672351962,52862.026082206205,14146.646724417504
2018-02-11 05:00:00,53045.31783604984,53226.282792887316,53004.401581468075,53084.58828371351,11782.10476296435
2018-02-11 06:00:00,53204.83670854535,53288.89180820834,53035.20502886966,53138.247426444614,11588.339721098788
2018-02-11 07:00:00,52835.26293288994,52957.64690688368,52829.81847793859,52845.60474011515,11905.562663522744
2018-02-11 08:00:00,52726.51486592602,52793.8896442654,52693.924876727346,52780.86923043586,9819.7621049694
2018-02-11 09:00:00,52684.202682142895,52851.788046461596,52653.17634851551,52733.7440963337,13614.95998122713
2018-02-11 10:00:00,53054.54696983516,53165.861429660195,52833.214235978194,53058.8471752915,8350.333268551774
2018-02-11 11:00:00,52842.66548670895,52854.90644654489,52728.80494751906,52769.9237495767,7003.242183916773
2018-02-11 12:00:00,52566.28501732688,52596.434316781066,52504.23350433649,52519.69585726679,12016.71624548022
2018-02-11 13:00:00,52854.282631248236,52873.30285867898,52833.92348729517,52865.968255108615,15305.797343493186
2018-02-11 14:00:00,52460.491290507714,52472.536455250025,52365.247901555864,52424.67354699761,9816.729402809497
2018-02-11 15:00:00,52454.31690510795,52780.88806147335,52332.317168327085,52417.026877643075,9473.481923545085
2018-02-11 16:00:00,52307.07131592164,52518.733721722936,52272.53921352561,52330.79883841798,12319.09234727914
2018-02-11 17:00:00,52121.28005972811,52172.12695583975,51990.23084345735,52066.68903957247,10745.246652791875
2018-02-11 18:00:00,52440.60916918491,52441.53040961208,52377.259429191625,52402.16967219891,11137.896326812986
2018-02-11 19:00:00,52187.44651876751,52511.12137650514,52171.23448859002,52297.51969750116,11716.665077220567
2018-02-11 20:00:00,52249.58304412567,52307.46409299827,52082.44762523045,52288.02084672674,15098.755696495948
2018-02-11 21:00:00,51978.73877327136,52078.250007755785,51844.83367002677,52032.434491332904,11026.116198672777
2018-02-11 22:00:00,51842.70632370715,51918.50042534091,51722.00158230453,51777.759493740086,12288.321634107513
2018-02-11 23:00:00,52390.47572103358,52462.43040804333,52106.46593374413,52276.24716023211,11689.702741566021
2018-02-12 00:00:00,52294.577794838944,52401.07510911931,52209.56526188227,52383.22439755435,12490.505866807956
2018-02-12 01:00:00,52501.130872206704,52612.58867987242,52383.33287683932,52610.27015957602,10663.9778678358
2018-02-12 02:00:00,52784.85532580174,52820.92429763014,52737.69302543877,52766.3256143924,8810.154552555723
2018-02-12 03:00:00,52569.51171298041,52571.55753496324,52517.695111768946,52532.24783089158,10236.997923819765
2018-02-12 04:00:00,52525.67766126381,52560.89550642791,52330.0120886949,52470.745419019055,12338.573195972313
2018-02-12 05:00:00,52432.01492801189,52600.59206753006,52428.21283599172,52430.36883120224,11520.530611613705
2018-02-12 06:00:00,52174.281161778235,52249.36191701251,52011.98014877608,52185.74477575365,11361.521167608278
2018-02-12 07:00:00,52211.54908477835,52319.85243027037,52174.47182772225,52209.39349176331,13660.529417041598
2018-02-12 08:00:00,52011.57382733637,52020.36032832893,51893.29303585463,52004.50513748215,12721.331003764422
2018-02-12 09:00:00,52489.78664184587,52543.6971022187,52480.913928320195,52490.679302247794,9715.547594167083
2018-02-12 10:00:00,52074.233490409555,52256.0847808555,51896.75387140087,52111.012060899404,10792.80255093817
2018-02-12 11:00:00,52087.78569633173,52204.64475843209,51961.69525691198,52041.51278619015,11122.530084647518
2018-02-12 12:00:00,52284.48683267921,52310.45393796741,52250.10504497095,52258.26964031426,11720.424539948195
2018-02-12 13:00:00,52249.16400574778,52307.85484761061,52136.96533608597,52303.03468135627,11145.948577221483
2018-02-12 14:00:00,52337.66110165899,52341.837059132304,52058.47553652238,52205.09244927762,10758.475620781535
2018-02-12 15:00:00,52403.6993574512,52465.478330155034,52150.58229365902,52316.15538922156,12470.306620575766
2018-02-12 16:00:00,52007.16762440019,52056.66864724433,51999.9247470441,52029.860731279005,12240.496022733803
2018-02-12 17:00:00,51875.980776885786,51891.66562082042,51860.45969534877,51890.184638321625,11176.088914474261
2018-02-12 18:00:00,52027.14237110058,52067.99763317002,51936.119104604484,51983.27682827224,8151.99829985634
2018-02-12 19:00:00,52021.25262157963,52097.093489637686,51924.3206088645,51996.31999367436,9813.729305200439
2018-02-12 20:00:00,51907.344213128796,52014.67625271556,51837.237654234494,51879.51531999153,12634.332164528689
2018-02-12 21:00:00,51901.28219335307,51929.67853893409,51823.782019107115,51907.73358636259,11586.040070216726
2018-02-12 22:00:00,52338.218768204184,52437.14003159745,52282.823891756445,52382.86073299153,9435.283423420442
2018-02-12 23:00:00,52390.39783191807,52696.16637890243,52363.91057388384,52383.20286912471,8965.67828692757
2018-02-13 00:00:00,52334.22632951869,52452.67171648468,52332.548988017435,52443.02673246798,12430.28068930138
2018-02-13 01:00:00,52623.374790549155,52665.74729632581,52542.74306334101,52649.8876744209,8969.487401346152
2018-02-13 02:00:00,52650.64326241474,52761.5002927679,52545.850164121344,52717.78387010575,11989.429735322468
2018-02-13 03:00:00,53031.174671293054,53297.081005119166,53017.92887483075,53100.289369820195,11028.256032723964
2018-02-13 04:00:00,53125.666211957185,53170.715585969694,53086.617741157585,53149.38787413756,12872.77560676071
2018-02-13 05:00:00,52716.95022157799,52758.957776958356,52620.164420355264,52736.40676190526,14116.10533718114
2018-02-13 06:00:00,52602.83444455179,52663.505738826374,52540.62793284193,52605.00664662626,7676.168513952049
2018-02-13 07:00:00,52571.5029820202,52606.92514834503,52428.53427574247,52517.43940000839,12666.2099771049
2018-02-13 08:00:00,52423.82123945195,52466.257586766915,52343.0098970333,52450.579469750664,15287.084357118583
2018-02-13 09:00:00,52687.79666883353,52741.11315726068,52518.78182633259,52626.7580515439,11112.196429314421
2018-02-13 10:00:00,52595.16361195293,52670.40860769037,52553.15926276183,52651.94941024957,11648.708111032543
2018-02-13 11:00:00,52776.14049062059,52829.656411083786,52706.56135687844,52760.788961898455,8841.887483611023
2018-02-13 12:00:00,53140.80631170155,53164.70405707473,53041.37936560056,53140.091558094195,16284.184224190001
2018-02-13 13:00:00,52891.90924594074,52958.60924406997,52828.41642651598,52914.60156305533,12724.27769938823
2018-02-13 14:00:00,53326.82095249865,53439.45048327894,53272.45255944655,53299.84282901589,11554.098270524993
2018-02-13 15:00:00,53668.32942087343,53872.71353906838,53649.0180135687,53743.4523129459,12508.094963413065
2018-02-13 16:00:00,53678.95426249704,53804.8933915154,53608.69591615312,53724.213292802764,12749.7025383315
2018-02-13 17:00:00,53691.81551659079,53891.5290501184,53603.828239886454,53724.04037919195,11763.001068399175
2018-02-13 18:00:00,53490.35957724531,53569.14470165691,53331.708836216916,53519.183600548895,9528.17168611076
2018-02-13 19:00:00,53257.15633550158,53357.84718389082,53083.85702464312,53279.132859577745,14640.662415025066
2018-02-13 20:00:00,53507.01844855623,53577.90959408752,53462.34382403084,53548.73395230288,13143.954538592257
2018-02-13 21:00:00,53434.36270638025,53492.91664788773,53233.46416656872,53376.070337861944,12303.445806766094
2018-02-13 22:00:00,53793.17409143379,53922.24815152758,53579.32146802005,53654.32159111943,10262.357761171641
2018-02-13 23:00:00,53745.9773416016,53961.064114059365,53662.577040269956,53825.126627901634,11142.135282202553
2018-02-14 00:00:00,53725.17725397637,53835.51744475049,53625.4103749628,53689.79276283222,13913.817751389563
2018-02-14 01:00:00,53716.33296375616,53928.42946567914,53651.31941606235,53781.77983471326,12638.753299434025
2018-02-14 02:00:00,54147.739167492815,54309.76640182959,54023.62899804807,54123.02183231749,13380.940040393245
2018-02-14 03:00:00,54093.418322203135,54175.513135356414,54013.78728648149,54089.114260179565,11501.839662293829
2018-02-14 04:00:00,54029.77327747812,54139.40511918062,53969.95480496429,54046.67196639886,10536.85999888798
2018-02-14 05:00:00,54276.3081776371,54375.77466488029,54193.91992253414,54283.31257684176,9238.266494642421
2018-02-14 06:00:00,54293.77848542245,54381.20180425956,54206.43656615152,54226.877470149164,9817.959177870656
2018-02-14 07:00:00,54091.322175498615,54197.02031855708,54070.3666152863,54173.12582808108,11972.518299264251
2018-02-14 08:00:00,54159.23590883313,54341.797387820625,54136.45620489767,54224.21778440765,11357.108330919476
2018-02-14 09:00:00,54196.862006428666,54248.55800804248,54145.31120476092,54224.93737157796,7855.587755578001
2018-02-14 10:00:00,54096.99614542699,54138.51471627368,53967.88706365112,54110.79152779314,9610.866533725792
2018-02-14 11:00:00,53978.036856699626,54092.29077244417,53940.555965840984,54005.71662864172,12387.443995978349
2018-02-14 12:00:00,53803.77253510098,53986.91005602275,53720.38597691512,53780.764349929756,10406.919259607625
2018-02-14 13:00:00,54128.875493224456,54382.121493357576,53912.480275695896,54143.75432170003,11061.253255424026
2018-02-14 14:00:00,54299.768457646074,54317.966493536915,54153.21546162719,54279.38894311895,10028.735802673164
2018-02-14 15:00:00,54387.49740339617,54575.00031208407,54190.936485046805,54476.403705125646,10505.278458794373
2018-02-14 16:00:00,54475.26194585688,54482.00416957411,54368.00105447775,54469.046946320144,10657.566480056212
2018-02-14 17:00:00,54219.32515851388,54252.24996006,54092.57044823164,54145.51242709988,13860.092591199349
2018-02-14 18:00:00,53818.52570119691,53997.29828779842,53811.22022579617,53879.17140224199,11776.936933347675
2018-02-14 19:00:00,54180.271679493046,54424.02140247957,53975.48406801112,54041.277766127125,9997.164969369984
2018-02-14 20:00:00,53883.800945689225,54015.2139979214,53702.26374393754,53917.217334225985,12516.135188625025
2018-02-14 21:00:00,53997.76925632022,54161.11563644364,53781.39952111678,53924.915845561336,7079.658082049562
2018-02-14 22:00:00,53785.444231505666,53796.50882011989,53760.686365668225,53776.74861048438,8460.097704081052
2018-02-14 23:00:00,53965.130082855474,54044.248822169684,53747.96427730619,53952.201650670395,11560.683545836022
2018-02-15 00:00:00,53677.23337168519,53755.958322629434,53667.45406616186,53698.56906180218,9467.228036397226
2018-02-15 01:00:00,53620.353997689796,53826.14613129348,53598.33919409888,53702.60142829769,13013.389899659587
2018-02-15 02:00:00,53564.1224933434,53674.090947857774,53470.259517738035,53592.18207304316,9723.023916808743
2018-02-15 03:00:00,53712.49245420931,53945.391826326944,53651.22647408429,53733.0427852566,8877.605214146874
2018-02-15 04:00:00,53679.04012115368,53842.54561312484,53669.26239162977,53743.0162234045,10680.32720943427
2018-02-15 05:00:00,53938.64362700207,53940.81182582017,53803.58698018886,53886.70186142337,7806.854690998167
2018-02-15 06:00:00,53708.35043711794,53753.02722221833,53671.27589782906,53741.52036163862,12238.27934969257
2018-02-15 07:00:00,53609.378709884986,53739.38972984132,53572.72863518999,53612.43682583936,10891.932424960583
2018-02-15 08:00:00,53452.16158034641,53577.02246719349,53394.3256075346,53486.030614216994,12360.198509739766
2018-02-15 09:00:00,53369.099686861984,53630.21951940339,53334.94717849688,53441.233224262614,8467.501879076295
2018-02-15 10:00:00,53355.369207563795,53537.267488536156,53231.219091557374,53349.45347964156,12756.873294840703
2018-02-15 11:00:00,53617.04050998004,53680.545934169306,53505.91284018543,53650.768296440154,10633.76994605545
2018-02-15 12:00:00,53680.98583287003,53798.03007979618,53565.33439164813,53645.598513913195,7458.81488439321
2018-02-15 13:00:00,53659.46848390604,53686.23572500937,53608.67410046721,53643.722038240616,11224.553779395083
2018-02-15 14:00:00,53992.18342107403,54032.50137404684,53917.58769096942,53971.5806245967,10694.265756180084
2018-02-15 15:00:00,54317.67068193573,54329.77973448354,54265.27438251263,54327.628974873696,12978.170043395538
2018-02-15 16:00:00,54780.91247688155,54789.98122727701,54752.21042205063,54756.23860123006,6708.247780185658
2018-02-15 17:00:00,54929.55175969302,54976.60903337827,54844.0329335256,54922.1830472349,10307.977617841236
2018-02-15 18:00:00,54890.65192916397,54932.23267787542,54606.22778612892,54834.63160918885,11775.552354227068
2018-02-15 19:00:00,54550.55381292004,54628.67460418516,54311.14425490795,54557.56698592493,13879.047692204822
2018-02-15 20:00:00,54742.915617209415,54761.02497444655,54562.511144695236,54713.741849665515,10129.489148800214
2018-02-15 21:00:00,54842.992719571645,55178.69728373116,54818.082373309044,54900.705440780184,10744.83640275043
2018-02-15 22:00:00,54973.24046016909,55043.34297543826,54904.790467240426,54933.22058482474,13151.956498556077
2018-02-15 23:00:00,54629.750914697244,54698.20618415244,54466.83398291368,54602.19963772959,8294.832904371699
2018-02-16 00:00:00,54405.99377863159,54524.04476314399,54339.12459214714,54442.00942407943,9458.572667093833
2018-02-16 01:00:00,54372.2918876027,54373.71028392034,54292.066448441714,54311.5372459218,10801.990102338108
2018-02-16 02:00:00,54554.046963248096,54738.58816802674,54531.08011329419,54594.947954671115,10711.245112444374
2018-02-16 03:00:00,55085.61183411125,55182.831002602,54949.83337640561,55143.823832166985,12714.431546965105
2018-02-16 04:00:00,55611.88710535208,55748.019305117465,55497.230920842936,55519.17437126473,10342.566240518276
2018-02-16 05:00:00,55263.102565872934,55314.93693314066,55096.55881012823,55150.82246597096,13390.502400176541
2018-02-16 06:00:00,54961.32435625446,54980.30020794066,54868.8084068769,54938.984954434156,10885.567629464982
2018-02-16 07:00:00,54627.01008064035,54741.60270474324,54619.69011279105,54622.88188136297,12395.207218860354
2018-02-16 08:00:00,54395.74517812646,54465.116898453896,54314.4800192639,54397.17369105922,11056.684812071593
2018-02-16 09:00:00,54609.38043381162,54684.9181575794,54520.24853408072,54550.04578026902,9203.217934679471
2018-02-16 10:00:00,54523.08411694162,54589.7042204164,54482.24260292958,54552.16535270033,9236.13396539196
2018-02-16 11:00:00,54091.61962441827,54148.71913019429,53945.769464562996,54127.784727505335,11028.228025648923
2018-02-16 12:00:00,54597.719866722764,54777.187104531346,54499.25466646619,54541.92039752403,13101.517681375602
2018-02-16 13:00:00,54351.65824479304,54684.64738983133,54222.72029792553,54386.70178674476,13772.583163675794
2018-02-16 14:00:00,54255.2974530605,54350.90198379731,54213.77548854674,54269.07917832244,13024.878581545834
2018-02-16 15:00:00,53915.54417780922,53945.37799607098,53881.25567495731,53893.47811132012,11826.189203013724
2018-02-16 16:00:00,53850.02251689601,53878.63800064953,53745.51941826639,53855.60124916769,11753.767928229494
2018-02-16 17:00:00,53837.300980048196,53946.62796286536,53740.53713591486,53905.812665432204,11067.85383162306
2018-02-16 18:00:00,54146.199507101766,54258.6726499671,54040.64772531996,54050.718275451996,10080.219493647692
2018-02-16 19:00:00,53492.32723376721,53536.220260282294,53450.56404134401,53501.33605209053,10722.970591445563
2018-02-16 20:00:00,53340.364026719115,53535.902206209124,53289.51454665908,53435.44700396916,14088.63373603885
2018-02-16 21:00:00,53434.78430020273,53536.57522993758,53330.64204003879,53417.273526420635,11660.265277913795
2018-02-16 22:00:00,53307.78658090102,53323.92850363683,53229.932423273334,53261.72453988275,9591.322524646539
2018-02-16 23:00:00,53526.37365684744,53634.27337289264,53378.722209744745,53415.01867722324,11416.893453502566
2018-02-17 00:00:00,53555.72935148858,53889.3329344757,53410.14458211491,53585.713038163674,12368.911015251457
2018-02-17 01:00:00,53182.47232482035,53381.705020159796,53028.47753890713,53214.80397897865,12689.5520408221
2018-02-17 02:00:00,53184.39083364245,53198.31725202252,53059.97803184848,53179.97756457186,9423.483668308801
2018-02-17 03:00:00,53064.78282856456,53069.49089056992,52865.07844157709,53011.22693317697,9791.278027435017
2018-02-17 04:00:00,52953.3720474445,53003.04249969983,52796.78395535549,53002.26202215984,10122.259842281066
2018-02-17 05:00:00,52736.98336174582,52812.56488192204,52518.0421984446,52700.413320543914,13400.99434190103
2018-02-17 06:00:00,53231.95647610262,53300.21200889559,52928.83212559355,53229.50757879117,8625.85670305548
2018-02-17 07:00:00,53246.01253564334,53389.260029765144,53198.147631507636,53236.450083492484,10102.458987580787
2018-02-17 08:00:00,53018.43213509402,53143.36911816248,53013.360888151336,53036.561188979234,9984.446876251124
2018-02-17 09:00:00,52788.43263039088,52840.97533534094,52588.540436753785,52722.258509668856,10697.133557922425
2018-02-17 10:00:00,52647.20598005095,52774.295176630774,52536.94613962614,52739.31343609698,14079.851856543417
2018-02-17 11:00:00,52831.34796476913,52931.25160729489,52820.25679380241,52852.483672467,12103.02333484992
2018-02-17 12:00:00,52838.25979883724,52855.90629357964,52774.44608865615,52849.736584591454,10382.229331682533
2018-02-17 13:00:00,52462.479146103215,52493.830490741275,52330.36887108718,52411.444747555644,14417.722966439429
2018-02-17 14:00:00,52377.98055875577,52522.149398252564,52336.28263526424,52432.307957609875,11710.243973871595
2018-02-17 15:00:00,52369.21766235291,52396.63381610394,52287.433959169444,52345.63617709668,7571.09998278085
2018-02-17 16:00:00,52347.40329060894,52427.71126948683,52194.297880674836,52257.40792914552,10193.669590790045
2018-02-17 17:00:00,51891.24627084892,52030.07411448666,51877.14644118244,52006.09032035014,10905.490876630425
2018-02-17 18:00:00,51980.78955671247,52087.125771277584,51958.75412046149,51978.55235455358,9966.651361242915
2018-02-17 19:00:00,51952.78254798902,52099.49999873477,51857.47145974976,51922.70129923349,11178.080816651991
2018-02-17 20:00:00,51943.96150347396,51997.69436840008,51791.69569062911,51995.57116385851,7815.709453269083
2018-02-17 21:00:00,52054.45763307922,52095.51497923341,52052.59460643417,52074.447698219315,9242.479912405164
2018-02-17 22:00:00,52003.42039308365,52212.474303862415,51862.39020131504,52067.62504948119,10647.586512256554
2018-02-17 23:00:00,51882.7321426994,51917.12327281918,51799.36499516863,51853.154005748984,12535.762781092799
2018-02-18 00:00:00,51888.64507670405,51990.48442315309,51716.13812557383,51861.85093946022,11192.97433167224
2018-02-18 01:00:00,51830.74843457121,51839.03186438671,51777.055075398406,51798.30018336217,8077.911446105762
2018-02-18 02:00:00,52183.58924808312,52264.97853575548,52096.328719498146,52192.1613922733,11554.417823991214
2018-02-18 03:00:00,51946.250481620336,51983.23351952528,51919.746559571926,51922.77786367507,12256.353254234175
2018-02-18 04:00:00,51634.01906774577,51716.645665338285,51417.33985249557,51669.3863354182,10751.451797609332
2018-02-18 05:00:00,51788.60387079735,51995.33826401051,51607.631529227474,51794.1443665503,11170.317880404844
2018-02-18 06:00:00,51330.97135306054,51490.57419474212,51316.650238304814,51459.95942437465,10487.293512064038
2018-02-18 07:00:00,51600.052057520115,51626.69575864487,51388.1911667177,51440.673448087655,9831.143324695015
2018-02-18 08:00:00,51491.723346084225,51546.280014089774,51304.406906054915,51503.993331695674,13118.93293373181
2018-02-18 09:00:00,51415.993560791845,51571.94955832031,51138.03586509966,51534.74052502539,10584.809000048524
2018-02-18 10:00:00,51839.37515132233,51862.077056479655,51677.58004265871,51764.73338732538,6616.437802790801
2018-02-18 11:00:00,51866.690572249856,51927.271310224554,51737.042482601086,51908.983728342995,10522.572427153636
2018-02-18 12:00:00,51932.52546246803,52048.316525729635,51794.29663021274,51918.580465018196,9925.589387482452
2018-02-18 13:00:00,51567.80937242133,51576.97778969734,51551.24688186728,51573.432084366425,13451.838326633142
2018-02-18 14:00:00,51521.06917564181,51640.920920842414,51436.5175880726,51527.232843879356,11331.756315340586
2018-02-18 15:00:00,51345.255106428514,51591.84821938897,51219.18402450042,51443.237739500866,9935.69958313453
2018-02-18 16:00:00,51457.901385841054,51673.437404842975,51239.31361532244,51519.54750889156,12297.794515230144
2018-02-18 17:00:00,51560.2627811974,51662.80119816088,51315.02931676803,51409.772491721524,9982.292653486278
2018-02-18 18:00:00,51438.14320502261,51525.3650679355,51337.46966553659,51462.340969568206,8513.134906765554
2018-02-18 19:00:00,50981.13975411325,51147.69394328335,50950.45111537453,51094.75272639279,9863.41335053027
2018-02-18 20:00:00,51414.494622670696,51448.92207546593,51167.19266947633,51351.43351101249,9979.930805500904
2018-02-18 21:00:00,51197.12878287634,51302.28371630528,51130.21793482183,51230.794328975186,10304.225091384033
2018-02-18 22:00:00,51113.764697307735,51150.6043008058,51010.04515931704,51103.11876740752,13287.91758681266
2018-02-18 23:00:00,50822.9822771198,50944.104234565755,50739.896038862775,50905.33696250422,11578.324647363299
2018-02-19 00:00:00,50488.649450904326,50556.53582331774,50267.14060330989,50418.443989011495,8338.201177076686
2018-02-19 01:00:00,50720.78900127293,50842.900561783994,50490.91710100646,50758.21709049285,10368.599229917203
2018-02-19 02:00:00,50750.80632404204,50892.8150407239,50560.31920358141,50714.52043476499,11811.732742597658
2018-02-19 03:00:00,50841.27440386932,51031.42365399061,50837.45705374001,50921.279491864894,12965.249610334362
2018-02-19 04:00:00,50781.11474829065,50924.99588702343,50673.44417847938,50909.52271322006,9391.257165649315
2018-02-19 05:00:00,50824.1103381562,51127.84609153222,50654.220830981314,50833.06374376962,9377.523776185086
2018-02-19 06:00:00,50934.02130243812,51066.56002282519,50892.657160058654,50938.437722862305,10577.136311262246
2018-02-19 07:00:00,50799.425639151144,50989.76512357026,50693.35818301771,50758.92759316953,9021.719447201229
2018-02-19 08:00:00,51023.95265536705,51089.684136637006,51007.358405074156,51015.723842442654,7845.721228746206
2018-02-19 09:00:00,50876.81778690351,50893.7756222094,50722.54247372682,50842.63174342313,11725.894213466909
2018-02-19 10:00:00,50608.255687726625,50659.00044045867,50374.03622019703,50648.57520207164,14012.195394121372
2018-02-19 11:00:00,50802.863477381106,50963.461889814585,50614.30302859903,50740.6030020225,15016.698039849947
2018-02-19 12:00:00,50513.987920424646,50514.1000558897,50319.14061952411,50475.05137519595,11887.191149333366
2018-02-19 13:00:00,50615.435203004774,50763.9775219785,50446.70729257462,50645.87978612749,8309.438936390641
2018-02-19 14:00:00,50677.370887711746,50749.99900859409,50594.03030918785,50676.084461221144,11955.60976558871
2018-02-19 15:00:00,50846.30497379521,50913.85228422918,50800.985631356154,50852.566777596716,14696.873642155871
2018-02-19 16:00:00,50796.54642102338,50800.0907954711,50550.38042953772,50689.82925379567,13462.542830879482
2018-02-19 17:00:00,50761.058644391254,50885.307088498106,50683.61063857754,50717.891424780595,9933.966479336934
2018-02-19 18:00:00,50918.410289162675,50988.25586877854,50699.04291164056,50918.37181995319,11804.567090617733
2018-02-19 19:00:00,50874.82774622601,50938.22666921543,50766.48957675568,50790.85473660944,11875.357988030399
2018-02-19 20:00:00,50672.669066965034,50874.4851753694,50550.79220272657,50590.54762206005,13862.726423432548
2018-02-19 21:00:00,50437.66645191107,50482.034664244624,50393.791629872176,50477.90307324535,10290.823973762383
2018-02-19 22:00:00,50604.508550903054,50705.54619839633,50536.518161902066,50589.008610756195,12554.350836538739
2018-02-19 23:00:00,50684.590147122595,50807.99737175649,50578.85477539074,50626.235912322976,8893.494728485806
2018-02-20 00:00:00,50371.359333534725,50498.125862228444,50316.15274493655,50403.16024144888,10614.52944071986
2018-02-20 01:00:00,50558.21888096396,50734.84565831674,50442.93928151946,50574.46132634659,9493.23775949293
2018-02-20 02:00:00,50587.69020158822,50607.88586160256,50454.456412912135,50565.11103353423,11862.205658106966
2018-02-20 03:00:00,50503.21565231396,50522.84458192882,50378.58047203953,50393.43043095939,12735.065761500027
2018-02-20 04:00:00,50466.372416424114,50717.91538803139,50418.47517877162,50446.232858039606,10428.030390768687
2018-02-20 05:00:00,50526.36080794264,50678.60017190033,50273.866786216095,50472.27895673541,9943.192512883734
2018-02-20 06:00:00,50123.628170409786,50195.326934639976,50034.33304074997,50144.93130914943,8431.712161793585
2018-02-20 07:00:00,50204.61252689147,50374.80349633967,50079.05826199401,50161.34618456045,12471.151166728987
2018-02-20 08:00:00,50416.64394521816,50638.68024922211,50319.42478963437,50355.287024264915,11197.228844140145
2018-02-20 09:00:00,50274.02466502513,50428.15209080437,50138.686965944835,50273.925281279575,9450.110590101964
2018-02-20 10:00:00,50604.950440920045,50641.702958901464,50466.998318394835,50553.38414354618,11614.18851648566
2018-02-20 11:00:00,50863.07715213683,50967.410762812055,50590.54595982538,50859.28764727191,12076.57847908544
2018-02-20 12:00:00,50908.61801922219,50945.80990658225,50628.905047879714,50871.865793147364,11324.127867852767
2018-02-20 13:00:00,50776.40210584921,50930.3898599719,50688.33679229946,50818.87087748906,10104.762131454632
2018-02-20 14:00:00,50861.7465326033,50957.43452759544,50815.690574962595,50938.59024693266,14073.1936572066
2018-02-20 15:00:00,50719.15952234821,50875.026453337065,50583.58026038817,50784.0794838577,13405.98324396617
2018-02-20 16:00:00,51117.5670245701,51242.426277055754,51087.51270308078,51101.2035720332,10828.799034138621
2018-02-20 17:00:00,51019.84312294246,51193.67036221511,50992.87864977498,51035.68413953816,10927.398961614721
2018-02-20 18:00:00,51195.18340649016,51211.84269817566,51101.20246945562,51190.39590168137,11129.87582627917
2018-02-20 19:00:00,51285.41431381109,51353.10057140564,51261.510905166884,51344.11804593582,9707.483389487124
2018-02-20 20:00:00,51237.76665837707,51353.91458169902,51190.10304592486,51225.953397785146,9388.36212741344
2018-02-20 21:00:00,51566.570052070885,51655.342603896395,51391.33143724941,51446.297470446974,9691.864571212365
2018-02-20 22:00:00,51597.715587760664,51712.739924560236,51507.62711491104,51663.08273763372,10627.427739622935
2018-02-20 23:00:00,51494.9141869709,51581.11465002699,51395.802120557855,51452.602115392496,10380.6235491278
2018-02-21 00:00:00,51439.21446486483,51517.589790205006,51409.97609905733,51431.61513990078,13754.60221583794
2018-02-21 01:00:00,51334.19555895779,51488.002832725535,51190.41678969884,51274.112034388534,8380.901710837006
2018-02-21 02:00:00,51310.50370849489,51530.46982013929,51306.93172362309,51338.606848091906,9556.041065536678
2018-02-21 03:00:00,51161.299740248534,51219.744769258425,51101.11969977975,51105.5994939228,12720.444941202466
2018-02-21 04:00:00,51006.81872931239,51010.85180174159,50937.110310328,51009.16152035604,12063.339803918587
2018-02-21 05:00:00,50970.04469998309,51007.94388565483,50816.182356807374,50966.80071095036,11463.681543316632
2018-02-21 06:00:00,51309.72140334533,51434.502936154386,51220.36780458294,51355.10489251104,12304.26520170162
2018-02-21 07:00:00,51441.64398524666,51544.264513480935,51432.13995719058,51449.80071792776,8183.680170795553
2018-02-21 08:00:00,51526.75800391545,51655.698474171506,51324.09640553054,51481.89028109357,13842.988205050748
2018-02-21 09:00:00,51416.82676682569,51432.662909373634,51341.85069658668,51358.486205050125,11789.142859093961
2018-02-21 10:00:00,51186.2318880334,51225.28589933343,51044.28649867903,51179.450757002414,11607.467734507518
2018-02-21 11:00:00,51120.07755173314,51251.85240761974,50957.372531301364,51128.1059337961,12578.085535495009
2018-02-21 12:00:00,51312.16637772598,51505.35465570037,51111.74953442148,51327.844195823345,10890.024485589438
2018-02-21 13:00:00,51198.00398905673,51317.512498576536,51174.31416941299,51176.67347097721,13301.435302290874
2018-02-21 14:00:00,51345.602647859894,51470.19651716937,51247.27200244725,51400.92964154103,6117.297385141212
2018-02-21 15:00:00,51299.26527802705,51421.73482040774,51268.606775992026,51372.7710417475,10355.160119766486
2018-02-21 16:00:00,51205.61329826933,51496.83016254351,51014.36422380074,51261.85491685956,8908.281523538692
2018-02-21 17:00:00,51568.2190110055,51602.15622748887,51561.69316016218,51588.826967072826,9812.452445742862
2018-02-21 18:00:00,51800.949782723685,51850.32141540982,51659.28862957529,51794.42956168297,9391.528975305584
2018-02-21 19:00:00,51457.5908827001,51580.745939642446,51429.63202168754,51456.961896035056,13466.183336498667
2018-02-21 20:00:00,51704.715072352294,51715.389666412804,51510.31831645314,51706.38399383289,11937.36101664568
2018-02-21 21:00:00,51567.52932145564,51681.85071435392,51481.99696553634,51641.17056627245,9863.02725587544
2018-02-21 22:00:00,51685.106670351786,51722.935216697995,51427.93997350786,51703.90482939058,10600.793473310956
2018-02-21 23:00:00,51874.19654328178,51912.42370657277,51795.76787220984,51906.970737257005,11648.795017326991
2018-02-22 00:00:00,51815.896436633964,52002.83435658491,51719.62954661425,51864.609832680086,9911.167824929285
2018-02-22 01:00:00,51998.40300518434,52065.200282122016,51794.3708868435,51970.47344896061,12811.89177385873
2018-02-22 02:00:00,51836.08683398567,52128.21470046181,51804.79096443382,51854.64187332654,10304.619544195084
2018-02-22 03:00:00,51471.24922594242,51609.728470397094,51296.66245649916,51399.81560572213,10403.565861641871
2018-02-22 04:00:00,51733.57037382239,51749.90136966828,51661.725363651174,51693.598816163074,9919.30575283201
2018-02-22 05:00:00,51728.85365085634,51829.08036316646,51625.00560989585,51725.060303310245,11889.15928797016
2018-02-22 06:00:00,51690.993866451056,51700.50174929587,51540.90921292941,51652.6767592661,10274.081974560311
2018-02-22 07:00:00,51719.75690156853,51738.740966465644,51547.75839148606,51672.72357298745,11102.135029934276
2018-02-22 08:00:00,51708.36511406658,51803.495218476586,51593.40340846658,51698.75753954821,9930.420429713
2018-02-22 09:00:00,51520.27993997653,51646.00840926844,51370.992704848075,51573.92707243619,10432.852529763937
2018-02-22 10:00:00,51602.27814374145,51654.454017660166,51481.744107135615,51526.69967943708,8856.350289247292
2018-02-22 11:00:00,51621.158783716004,51786.35423954666,51585.357282464094,51669.166483980116,9945.573097792358
2018-02-22 12:00:00,51551.558409823985,51724.95006256518,51435.29043806454,51625.9504562964,7494.783546546534
2018-02-22 13:00:00,51788.57683594233,51919.42210088601,51781.48734305312,51830.587010614894,11051.796015345797
2018-02-22 14:00:00,51857.58565481493,51986.149737887325,51731.837718666655,51794.80366067029,12982.39429680119
2018-02-22 15:00:00,52066.562530728734,52121.6434101224,51846.34823845409,51945.80417615676,10809.036856385443
2018-02-22 16:00:00,52204.28114683242,52245.18041253387,52067.916025774466,52204.68254841317,10115.188509765925
2018-02-22 17:00:00,51885.45847859223,51976.560018129894,51741.0053409001,51912.28918345512,11200.032875533721
2018-02-22 18:00:00,52117.726049702775,52234.87391313258,52087.64629190158,52188.60730733444,10793.793030549465
2018-02-22 19:00:00,52244.84342623846,52291.321153468736,52194.254779734976,52208.77181372037,10918.778797416708
2018-02-22 20:00:00,52012.111236888195,52032.9697231782,51994.938859468224,52018.02395344354,11057.167021846612
2018-02-22 21:00:00,52013.875334769175,52168.82531747262,51892.216895461584,52036.37040683429,9702.253804754186
2018-02-22 22:00:00,52562.99246946657,52760.071761388055,52485.779878233574,52617.60909282513,7261.1842632070275
2018-02-22 23:00:00,52683.529335886094,52846.31468983976,52362.33516370241,52570.72177078109,8301.473836476143
2018-02-23 00:00:00,52821.6057122266,52875.7572388796,52690.16428961772,52762.25995054039,13502.45958952158
2018-02-23 01:00:00,53129.0250300571,53386.72596119614,53041.8000364264,53142.11580809718,10231.752449116537
2018-02-23 02:00:00,53079.75728682019,53208.534317581034,52944.46458368419,53089.73069182767,10690.98742293539
2018-02-23 03:00:00,53344.73077112063,53351.6128786316,53228.97411550777,53325.658243316815,11130.053686828249
2018-02-23 04:00:00,53689.92163973692,53822.65972491847,53676.3360604101,53767.261068465756,11791.014842824383
2018-02-23 05:00:00,54041.32991846487,54196.37059567438,53950.26877558644,54042.64848165747,12358.925779055537
2018-02-23 06:00:00,53625.37387549553,53796.12242350679,53554.08954829491,53625.57787436194,9374.94393146696
2018-02-23 07:00:00,53808.133980949715,53946.484486576475,53707.14995077291,53801.848301641854,8419.149516928854
2018-02-23 08:00:00,53831.72602435504,53914.98345316093,53777.434494854046,53875.58132236573,11938.608918307153
2018-02-23 09:00:00,54161.9396592329,54199.59372263395,54114.52225434758,54166.39504562326,11327.581788721036
2018-02-23 10:00:00,54258.99014744974,54460.08346943764,54223.01959525337,54264.32486494943,11656.210659239823
2018-02-23 11:00:00,54049.89120561301,54279.14885576715,53996.76605281835,54119.40146325241,10587.654144340922
2018-02-23 12:00:00,53831.689209845514,54016.321906980505,53816.86806021185,53875.96527700567,10008.943279398729
2018-02-23 13:00:00,53944.53093677597,54150.555597660335,53798.57855616392,53988.499072563616,10160.166671835002
2018-02-23 14:00:00,53714.43394394723,54015.016998150255,53570.53622245347,53855.43464532215,11243.342613777295
2018-02-23 15:00:00,53715.48688242106,53818.096003709594,53661.198020569755,53787.84958525986,11950.110829848058
2018-02-23 16:00:00,53374.97532210773,53529.51276338922,53278.71582819353,53381.82226042542,12411.463549436297
2018-02-23 17:00:00,53151.98999064347,53241.81014717603,52912.50908670798,53192.73803241575,11604.742712193038
2018-02-23 18:00:00,53188.89680277904,53305.743151861905,53071.54717690928,53137.3442754092,8288.254535529592
2018-02-23 19:00:00,52863.98159175489,53031.96669004743,52790.15578871765,52926.539808923226,11223.516232540303
2018-02-23 20:00:00,52781.486746288254,52866.365053574176,52718.243617147426,52848.57617810459,8826.033093421966
2018-02-23 21:00:00,52977.20631874184,53073.47824177986,52920.97810014668,53022.26044274408,9805.814917004922
2018-02-23 22:00:00,53016.19181047439,53046.60228782783,52763.75636833613,53032.880771677446,7706.572732625451
2018-02-23 23:00:00,53221.34142730562,53318.25607473297,53140.25031528938,53166.19843487991,11530.494655224144
2018-02-24 00:00:00,53208.17151447048,53410.76046238261,53172.77963310002,53316.27972307501,12265.65235502489
2018-02-24 01:00:00,53839.49509843397,54003.31007474679,53796.179278092495,53851.77361121618,13377.792421173279
2018-02-24 02:00:00,53828.88503942684,53980.962291843556,53757.4491977937,53877.733207855956,9153.054480447876
2018-02-24 03:00:00,54016.443556485596,54144.1265500333,53955.456962421296,53962.62848515698,10355.456996877227
2018-02-24 04:00:00,54164.6070142039,54277.802817236516,54016.19310646353,54230.234301823366,12917.677290067284
2018-02-24 05:00:00,54245.698334779474,54299.012391057724,54044.429606207035,54176.97033844995,13564.329917739038
2018-02-24 06:00:00,54563.94485690423,54647.05533344728,54482.48104273492,54515.846262114545,11261.768991330367
2018-02-24 07:00:00,54457.12320475056,54472.84241365554,54071.18290835328,54365.11858265565,11610.840462961196
2018-02-24 08:00:00,54288.05844387823,54332.152624307506,54200.4324778149,54292.12636593117,13015.438001396085
2018-02-24 09:00:00,54337.867499980726,54360.80508040182,54335.73749724344,54356.311204463964,9555.625928243293
2018-02-24 10:00:00,54509.96808443595,54677.9068900683,54348.10750184672,54484.902723171865,9765.785148337765
2018-02-24 11:00:00,54614.41727648744,54742.49068551762,54557.98810964335,54666.402476864416,9158.144197923948
2018-02-24 12:00:00,54583.99202856702,54922.03517204059,54564.61559742888,54730.37208265093,11148.395179942716
2018-02-24 13:00:00,54565.9370282483,54741.65605638376,54523.2436212185,54652.25678642361,12047.207187131053
2018-02-24 14:00:00,54714.665514613225,54758.15240504337,54569.7438193538,54651.44287930802,10495.096303859089
2018-02-24 15:00:00,54341.623728951956,54468.38059143429,54267.144177094866,54347.50081282015,13523.61678665442
2018-02-24 16:00:00,54357.446148364485,54378.461196523276,54124.60581384324,54284.373963726575,10960.657854604178
2018-02-24 17:00:00,54520.96071469132,54542.052434969344,54416.87615303004,54440.654631922655,13319.954165371344
2018-02-24 18:00:00,54342.537968492514,54647.634491610756,54291.48158201353,54414.41354740438,11285.760891687578
2018-02-24 19:00:00,54635.482368118915,54778.945721847966,54607.75624891076,54668.747967982046,7772.462483757699
2018-02-24 20:00:00,54621.904746031505,54651.3953196203,54439.952392014246,54608.52354636147,13869.520321167221
2018-02-24 21:00:00,54712.059614499245,54740.51385214285,54537.71331458373,54633.87023541032,11484.525656459287
2018-02-24 22:00:00,54525.15144140745,54749.91419877227,54457.292685125896,54589.444785488944,7687.520507367977
2018-02-24 23:00:00,54854.51266825935,54948.90705989583,54660.833716745095,54882.189647602085,14133.694675874583
2018-02-25 00:00:00,54605.04713465822,54704.71448611496,54555.802630316764,54601.855684547896,10892.622238414055
2018-02-25 01:00:00,54189.01557307288,54253.29924778175,54103.70319719839,54232.92932286201,11366.047027997782
2018-02-25 02:00:00,54435.87704495464,54569.37334246855,54144.60999246614,54383.532737754555,12381.462820197436
2018-02-25 03:00:00,54445.13443226593,54702.70432053326,54229.38691272181,54385.87902746273,10594.527243515564
2018-02-25 04:00:00,53881.56430183428,53920.9403285179,53866.96651609301,53871.18593529828,9821.839572203042
2018-02-25 05:00:00,53452.19912584404,53607.79147354176,53369.08150388376,53432.240384280354,11792.10787224166
2018-02-25 06:00:00,53124.03204192393,53165.82814950415,53018.78572919309,53099.75414065196,9631.345445810965
2018-02-25 07:00:00,53039.08257335905,53178.27443811491,52976.697253649545,53018.806415427534,10925.350799601534
2018-02-25 08:00:00,52883.22140665445,52973.49258753777,52717.70138601896,52788.37836419464,9239.045690319505
2018-02-25 09:00:00,53200.17157088982,53299.82528173799,53053.13479780955,53170.773172394125,11361.25764971998
2018-02-25 10:00:00,53209.809281386464,53307.92521014404,53173.864341961635,53228.14516425972,10018.842986007938
2018-02-25 11:00:00,53549.56033707102,53782.34683111324,53537.638186250326,53617.61670103398,11538.35432123799
2018-02-25 12:00:00,53765.078544431555,53891.976689316834,53473.93592833743,53798.98531699955,9704.01884020051
2018-02-25 13:00:00,53535.62924262055,53625.865071937464,53494.32650806669,53602.820700648896,12264.78799729875
2018-02-25 14:00:00,53621.42832373294,53696.748275087935,53608.099570776714,53657.147536192606,12684.90110228483
2018-02-25 15:00:00,53828.22366398157,53924.81873497923,53756.29107094493,53826.58322275133,10010.37915265154
2018-02-25 16:00:00,53775.80647878185,53852.72463798606,53755.899289105844,53761.39571367297,11029.02461822085
2018-02-25 17:00:00,53767.14809601041,53894.4639414334,53578.3783172143,53794.901171344136,9748.73115546163
2018-02-25 18:00:00,53861.51566170817,53925.03748229275,53811.27026952403,53899.40216799555,11937.241093560804
2018-02-25 19:00:00,53722.86396669593,53843.9929176825,53548.075816318895,53669.35243669411,9517.093634645922
2018-02-25 20:00:00,53919.81668899786,54167.15136594609,53768.87554868153,53927.7361669473,10551.134674689534
2018-02-25 21:00:00,53657.3591223763,53683.02955341711,53500.43768154222,53679.55152497383,10477.18295078998
2018-02-25 22:00:00,53989.55782846825,54144.43331814308,53881.82607274469,53912.52975372151,7466.079533889846
2018-02-25 23:00:00,54071.23122028829,54079.998016693,53826.13630937606,54014.602317278564,12547.700410641424
2018-02-26 00:00:00,54198.90003148061,54235.036589964606,53870.16135316867,54140.083289292044,10101.549887353342
2018-02-26 01:00:00,54358.11477630315,54426.364124821426,54244.52411175596,54402.04940028242,14211.060671363184
2018-02-26 02:00:00,54722.26594876845,54786.81126781404,54647.78959625185,54770.67604569106,12106.900350256481
2018-02-26 03:00:00,54929.627849396,54966.092163013884,54562.85733308813,54885.07732633179,9149.73722298067
2018-02-26 04:00:00,54490.846949471,54683.224406322304,54328.19588320549,54512.27519066639,9197.63362244366
2018-02-26 05:00:00,54262.069293225315,54370.21134637969,54207.135561409144,54313.91834286325,10676.873765229535
2018-02-26 06:00:00,54469.13824327004,54539.752458331335,54429.29298077734,54510.911182355434,7505.177958883602
2018-02-26 07:00:00,54012.31136705509,54065.46102409312,53770.713789922986,53993.6232384077,11284.570776560258
2018-02-26 08:00:00,54162.7763783356,54205.56938735336,53982.16985936574,54173.365789358395,7176.812927373856
2018-02-26 09:00:00,54381.59151085649,54412.26645025874,54086.563394504905,54265.702396919296,9867.418130847003
2018-02-26 10:00:00,54263.27846219204,54503.945986701074,54134.685295446616,54261.459362915724,9025.624857108825
2018-02-26 11:00:00,54490.08073755617,54525.394281406145,54352.865850030794,54442.598456231055,10704.531057100807
2018-02-26 12:00:00,54707.54650908879,54713.8777092204,54678.00613189531,54707.065719180144,12232.01085974557
2018-02-26 13:00:00,54670.96123562783,54794.7525991979,54497.590462391774,54617.630867100976,12237.368159227708
2018-02-26 14:00:00,54576.234514601536,54698.21356329505,54509.95043190788,54601.01744773429,10639.637742259334
2018-02-26 15:00:00,54993.85787488733,55166.802362284,54878.361894467744,54909.34457746745,13215.265228972046
2018-02-26 16:00:00,54654.05362284224,54960.82163039085,54471.19556602122,54703.664533465475,9444.836271663058
2018-02-26 17:00:00,54628.93717050745,54754.73401506547,54587.89623520654,54678.71253351201,8651.32959722069
2018-02-26 18:00:00,54699.50770338707,54869.78752706509,54469.01610867573,54778.044630674456,8436.875398044307
2018-02-26 19:00:00,54712.205776213035,54982.293973521715,54711.946558959185,54819.9014482133,10021.507587032505
2018-02-26 20:00:00,55360.79557603156,55456.89333210398,55197.881208734696,55259.45545154379,12348.708602383012
2018-02-26 21:00:00,55047.703565239965,55131.50902974742,55028.674050300564,55130.152998963415,10215.623905452885
2018-02-26 22:00:00,55188.986359434406,55357.70017781252,55176.946002309036,55230.44949307709,11694.746166623976
2018-02-26 23:00:00,55024.28466960735,55219.12358586167,54909.70293081754,54973.264498970326,10535.584634844305
2018-02-27 00:00:00,54805.12626504512,55041.316884136955,54711.86064517173,54836.111984450756,15394.199100449445
2018-02-27 01:00:00,54939.7921468138,54992.12123886789,54656.77330066186,54934.73512222892,9211.532592923393
2018-02-27 02:00:00,54649.997812232745,54694.798312429695,54461.3710358419,54691.282412573164,11040.210630773494
2018-02-27 03:00:00,55072.84320807872,55105.081248861585,54996.42863538977,55064.50603490393,12617.321068192816
2018-02-27 04:00:00,54986.70307558227,55199.32123235398,54857.179243750164,54885.36296530253,10979.27284146204
2018-02-27 05:00:00,55174.718924566005,55263.659658999466,55056.338264957194,55114.37978412715,8619.774617570069
2018-02-27 06:00:00,55244.119681433316,55393.270588431405,55157.05632416518,55207.31694458721,8574.942948353571
2018-02-27 07:00:00,55041.90833436882,55122.652839726834,54978.49817453597,55011.59600645898,8070.838889694833
2018-02-27 08:00:00,55053.05561630198,55135.75952768661,55032.2439870168,55055.49310575746,11324.5307849062
2018-02-27 09:00:00,54797.77850133917,55076.969504115325,54728.374626531855,54878.79400939523,10825.8318142636
2018-02-27 10:00:00,55297.89566618493,55435.5306299128,55053.858564357695,55103.43261147447,9726.40588647061
2018-02-27 11:00:00,54947.828393333184,55111.224751893526,54943.29065201024,54987.43100214521,8345.895163313176
2018-02-27 12:00:00,55201.4665123773,55248.104572397846,55146.96467730511,55198.43043663885,10339.032918418852
2018-02-27 13:00:00,55200.35177421895,55304.25111853105,55105.449837507025,55264.682663022555,9396.976140936174
2018-02-27 14:00:00,54874.44423416302,54949.791099212074,54673.53928033901,54801.04773380177,12923.826178509726
2018-02-27 15:00:00,54462.54902194002,54801.09818882542,54271.829242048036,54521.891260978606,10943.266676009413
2018-02-27 16:00:00,54546.315161568025,54627.943498043634,54468.075901598066,54580.747229628,7341.763224262908
2018-02-27 17:00:00,54296.09548735119,54418.920556594116,54287.64460443396,54294.950257655844,9065.610129020846
2018-02-27 18:00:00,54173.93345737517,54200.74744681487,54126.70730911439,54127.75353594422,12582.135151527173
2018-02-27 19:00:00,54312.970638951374,54362.92328417572,54187.91488649866,54234.51697757287,8658.003320495578
2018-02-27 20:00:00,54196.403117172515,54337.312396521214,54040.17660968644,54144.166455424216,7770.4546402110145
2018-02-27 21:00:00,54281.47631986936,54479.13950094531,54241.5485457296,54381.45764250579,12264.55996508094
2018-02-27 22:00:00,54157.68831582974,54316.36760720996,54022.01553435202,54094.3347818205,9203.429670015736
2018-02-27 23:00:00,53722.52979011013,53916.58514298331,53430.933303444,53717.45201003457,11174.880416755246
2018-02-28 00:00:00,53972.60281884289,54026.45486789133,53923.15423737961,53960.078973850854,11351.138465760683
2018-02-28 01:00:00,54047.50415098249,54087.16814659455,54041.18814678437,54078.78655118885,12487.525971194944
2018-02-28 02:00:00,53848.115991563995,54056.817983901296,53722.75109932879,53850.891585451805,13428.522287999669
2018-02-28 03:00:00,53876.13539415487,53984.12861698328,53690.779708359114,53858.846835537726,7487.1147568108045
2018-02-28 04:00:00,53648.30475914568,53678.014048231365,53506.16805976083,53578.14717036936,8742.510223407913
2018-02-28 05:00:00,53386.905714698434,53685.4666696801,53384.510131915034,53461.87901165851,10895.689024827108
2018-02-28 06:00:00,53641.88321859685,53743.36166266036,53475.23937443745,53590.310841838706,9864.478008576458
2018-02-28 07:00:00,53570.30486129092,53626.80964691601,53528.592551478534,53529.13925871239,11717.774775964666
2018-02-28 08:00:00,53604.475486730014,53776.70043464921,53579.41817567047,53699.93684213476,12273.423879555885
2018-02-28 09:00:00,53956.12416116662,54102.178387281485,53724.42826816479,53869.5065702173,13598.606574499228
2018-02-28 10:00:00,53936.72171630644,54030.875500555696,53856.01626263307,53934.985814093685,10443.680773871132
2018-02-28 11:00:00,54023.12305533967,54117.28662608169,53883.69361648075,54025.01914262954,11099.358636554161
2018-02-28 12:00:00,54381.90511536049,54531.102381557204,54378.35519112049,54470.44640494606,13047.285975732046
2018-02-28 13:00:00,54577.14648521379,54700.1921674812,54433.961103166315,54560.207027469296,11580.508388521828
2018-02-28 14:00:00,54236.368946895585,54319.596205666465,54129.8135435822,54265.231416100105,13889.640732251251
2018-02-28 15:00:00,54447.91822277443,54635.30457940991,54199.00659780695,54533.613433505496,9591.33554741336
2018-02-28 16:00:00,54680.87433732909,54753.93030449809,54514.38919421436,54703.51584586235,12436.35545824743
2018-02-28 17:00:00,54585.44959536478,54595.58878819375,54445.97090980676,54584.785315869995,8924.448202868392
2018-02-28 18:00:00,54820.68626862327,54935.81508677061,54763.24019072177,54798.82196841754,11257.38314265659
2018-02-28 19:00:00,54408.51428656359,54426.20920133842,54195.982964762785,54423.228515084294,12236.52193777762
2018-02-28 20:00:00,54793.06067885747,54871.00964060809,54747.51178769549,54760.339311331365,11425.20256327562
2018-02-28 21:00:00,54536.39225583193,54579.81562693666,54361.262829826905,54557.363417629866,7254.667054296239
2018-02-28 22:00:00,54771.87823437271,54973.68002421367,54642.62294103256,54823.23638097946,12317.416524621885
2018-02-28 23:00:00,55145.204190045064,55372.38533648637,55039.51206539405,55101.08464425853,10718.340722978315
2018-03-01 00:00:00,55248.03606784064,55334.15398000135,55107.48048927149,55179.42215986488,10443.871973723766
2018-03-01 01:00:00,54725.21780782661,54931.65541610123,54711.855916926084,54717.66248007903,12557.52156104345
2018-03-01 02:00:00,54707.62150311875,54867.42256393946,54485.9002581299,54616.02410233022,12215.246701532458
2018-03-01 03:00:00,54390.90720579228,54397.84153360959,54148.66700393012,54243.8632505348,8467.24304938877
2018-03-01 04:00:00,54191.93162817649,54209.963469003575,54159.65533030205,54198.836932477236,12139.805558207168
2018-03-01 05:00:00,54012.795088971296,54133.67667458833,53757.04691823256,54117.51052996115,11636.787135604502
2018-03-01 06:00:00,53917.033710525764,54058.7357606798,53805.93652286765,53908.2272433904,12910.261265321813
2018-03-01 07:00:00,53911.82210973539,53951.19419518669,53727.00319037323,53817.46960176925,12237.02921071152
2018-03-01 08:00:00,53681.14006366014,53777.69325342647,53676.3510046564,53726.34807314221,13415.924236240737
2018-03-01 09:00:00,53314.6190130172,53381.25200715489,53292.76170681112,53313.38850487963,13357.757304980361
2018-03-01 10:00:00,53290.36313977304,53363.342334878325,53279.778201245936,53300.19976850912,10297.264271095151
2018-03-01 11:00:00,53378.05366706886,53478.19659705978,53321.68708060947,53412.90710017467,13435.524488299532
2018-03-01 12:00:00,52748.26125490016,52751.87681211838,52550.14648994304,52727.40235596806,11557.508202444804
2018-03-01 13:00:00,52861.530257163206,53141.8896359461,52686.00565081235,52830.37939286568,9672.073931567287
2018-03-01 14:00:00,53017.36813637619,53110.32848064093,52908.12761335063,52978.10744999483,10306.112166357756
2018-03-01 15:00:00,52603.16105371878,52684.70068374562,52452.012525135346,52541.80578426156,10274.481437533901
2018-03-01 16:00:00,52598.63559315151,52659.306558178374,52457.72496700963,52601.64811114876,9663.704533224678
2018-03-01 17:00:00,52679.662315077956,52691.65352725968,52465.74995017471,52579.8716448336,11069.399303811771
2018-03-01 18:00:00,52467.82951243001,52498.45539707928,52404.48554899462,52480.777802110315,13474.300281637798
2018-03-01 19:00:00,52621.29866910179,52722.83564697518,52515.32211074894,52558.90716358883,9696.2554384262
2018-03-01 20:00:00,52608.751431595556,52704.455023754526,52510.79375633623,52627.64256518656,11077.455751978307
2018-03-01 21:00:00,52665.86872313073,52998.80240864059,52636.04384313514,52774.86479785012,7354.928155382889
2018-03-01 22:00:00,52812.64325645721,52821.29337376335,52706.185733530714,52810.87707758103,12345.4009485687
2018-03-01 23:00:00,52900.24466135315,52911.28583636866,52688.678755128734,52876.44203306891,8337.44716695602
2018-03-02 00:00:00,52912.06335349319,52998.12804223288,52819.32869647826,52908.62298979657,7861.389315686235
2018-03-02 01:00:00,52959.34717615107,53117.12360070772,52809.94032133899,52944.45758028552,13078.448780090097
2018-03-02 02:00:00,53428.27972513438,53586.468455387294,53384.791844559266,53448.470680649305,11025.208941268485
2018-03-02 03:00:00,53539.99549526913,53738.306691662,53420.6513850194,53571.677503013,7869.43072608896
2018-03-02 04:00:00,53689.10863159103,53833.47848460701,53354.3375899416,53811.50942264473,10978.321604672123
2018-03-02 05:00:00,53569.88425014597,53578.402299284026,53552.67225272695,53572.95920213173,12192.073367887315
2018-03-02 06:00:00,53443.000501178896,53469.199786824036,53275.411574811675,53352.96480917406,9869.331080439842
2018-03-02 07:00:00,53616.37589871964,53659.93203329574,53516.316366343955,53630.161660959624,9205.523072476171
2018-03-02 08:00:00,53756.620029292935,53872.31544295694,53687.4693042399,53780.47741640667,12258.115529091358
2018-03-02 09:00:00,53641.53468059938,53649.45902720811,53435.835607071924,53647.846614323396,8351.972470327668
2018-03-02 10:00:00,53683.096144261166,53836.23155763356,53579.29374680029,53722.69134514268,12294.503599439788
2018-03-02 11:00:00,54111.93313414554,54186.65997806869,54048.687001007354,54116.42963190351,15414.265843163703
2018-03-02 12:00:00,54549.17219742428,54591.34811507278,54400.2287814379,54548.524137255234,10735.148891334607
2018-03-02 13:00:00,54455.53208451365,54464.074986277235,54388.06735082407,54407.98006756162,9498.311582477661
2018-03-02 14:00:00,54049.64057762966,54147.46632378797,54012.47639403531,54036.880178521955,13585.57313520596
2018-03-02 15:00:00,53830.59693913718,53894.67799125104,53821.70492386937,53887.432254002146,12385.9437164034
2018-03-02 16:00:00,53796.58183994594,54008.20865863785,53718.877723223944,53723.08359889038,13249.478756331773
2018-03-02 17:00:00,53556.25962533357,53668.43603980617,53406.35102398058,53498.736631281594,10971.98644003347
2018-03-02 18:00:00,52835.28961215394,52935.40060371595,52731.91684622005,52869.217223910164,11220.037408184719
2018-03-02 19:00:00,52739.733897344224,52895.03345332487,52664.26196843506,52783.25960713081,13018.69858132987
2018-03-02 20:00:00,52619.224906442854,52694.42145270024,52583.54975455293,52646.33454185029,11821.249079351359
2018-03-02 21:00:00,52060.93983851044,52210.49717814389,51898.57103451265,52007.806831657275,9249.863159477298
2018-03-02 22:00:00,51877.491192668705,51939.991563923504,51675.52949586993,51916.74045713138,8987.730305533869
2018-03-02 23:00:00,52190.48743912243,52368.887542066346,52153.39689185526,52238.976700369545,7743.318113741136
2018-03-03 00:00:00,52368.18168949436,52422.05401427617,52342.525774371636,52374.34443730842,11854.340274020225
2018-03-03 01:00:00,52587.089754322864,52630.01511407734,52380.69086955705,52525.201785750774,10147.438176227855
2018-03-03 02:00:00,53184.66879788749,53436.6883186489,52997.84093692707,53146.16487654087,11435.243728800348
2018-03-03 03:00:00,53210.95017420347,53397.84393911672,53209.02955129973,53212.89670408687,13179.214194575954
2018-03-03 04:00:00,53109.79275360974,53200.24840152617,52991.33693422759,53087.923024505835,10187.654844181403
2018-03-03 05:00:00,52830.95066184735,53010.58496402047,52735.807565374154,52874.42219324822,13555.02022543611
2018-03-03 06:00:00,52690.10694584694,52743.09936266824,52559.23120192014,52683.44463858053,13360.09213388651
2018-03-03 07:00:00,52884.35231592813,52908.791183832625,52742.14307998087,52868.16754308397,14498.351986019956
2018-03-03 08:00:00,52745.141775651966,52856.91564834921,52651.62302129947,52710.160869939114,12868.422549168732
2018-03-03 09:00:00,52965.28780931394,53015.00595066709,52737.946229958536,52873.92358153031,10090.11844019988
2018-03-03 10:00:00,52923.81956323103,52965.464035694575,52718.666622219695,52920.738902700155,11846.869393032392
2018-03-03 11:00:00,53365.660225771695,53430.67406405421,53279.82715663502,53340.89664846005,11714.68400578832
2018-03-03 12:00:00,53563.51652043647,53597.01269792105,53457.10905618071,53542.34728549088,10551.847420494785
2018-03-03 13:00:00,53595.355390265984,53646.00616561791,53548.28257529527,53612.30132522147,12499.722976286328
2018-03-03 14:00:00,53894.28012765318,54035.24348074608,53852.88092969985,53890.07630191924,11079.31262133188
2018-03-03 15:00:00,53571.34139031064,53586.59614182572,53456.2494275699,53497.05193236209,13457.947632547279
2018-03-03 16:00:00,53395.5173309749,53407.24983435319,53345.23610164335,53364.88365012299,9610.053701952118
2018-03-03 17:00:00,53702.917758386815,53798.24554359638,53501.53102333527,53723.090781128114,13123.979353441617
2018-03-03 18:00:00,53957.145831787886,53981.63616726955,53908.72756560906,53951.889077476764,15119.82318958452
2018-03-03 19:00:00,53615.963256299416,53713.7177358516,53571.93264975378,53574.06686874433,10553.815785658406
2018-03-03 20:00:00,53484.39884115653,53606.28076157908,53374.30864730576,53484.95856815033,7770.541679842519
2018-03-03 21:00:00,53585.606609294584,53728.64037814317,53563.916937932256,53603.10994649947,8197.48804392834
2018-03-03 22:00:00,53538.018682551425,53663.76680405899,53439.04216215691,53614.30523940493,10188.210769347243
2018-03-03 23:00:00,53638.55544322571,53686.24854147066,53476.156080680375,53680.025523507386,12135.57608647308
2018-03-04 00:00:00,54212.623477263485,54222.50840608018,53976.44872984521,54061.67199729859,7794.873788766519
2018-03-04 01:00:00,54431.554955157895,54484.237454964896,54254.757516415964,54389.33640188972,10541.943062038385
2018-03-04 02:00:00,54318.21620391478,54433.73524316116,54181.47618630832,54292.40912567176,9099.218338531682
2018-03-04 03:00:00,54017.899455156854,54149.211633355546,53951.265636226875,54067.083729114245,8573.607588139097
2018-03-04 04:00:00,53937.06935127313,54066.198149942225,53812.83274357606,53938.79767822239,14800.333401379252
2018-03-04 05:00:00,53738.457756834876,53795.30541983497,53693.17162680502,53755.82316528553,12118.424131944384
2018-03-04 06:00:00,53945.87374511562,54095.83040723026,53808.37216186115,53962.38377556776,10828.386035845971
2018-03-04 07:00:00,54216.54912521791,54359.806917718575,54008.5086961128,54338.57105407078,10364.124556211314
2018-03-04 08:00:00,54308.32002332636,54369.01454764577,54258.389830052285,54292.27602099911,10391.932830455475
2018-03-04 09:00:00,54225.28755133758,54275.29172910734,54131.58682039201,54158.73423602107,12455.42781240221
2018-03-04 10:00:00,54062.285805791784,54169.38244329638,54062.09301523618,54104.173463476036,9093.418924928777
2018-03-04 11:00:00,53970.74425363633,54228.06001973406,53671.334540176154,53998.613836875535,10676.68450146986
2018-03-04 12:00:00,54380.679235922435,54462.62194382813,54363.1981355356,54374.05405844298,9798.799913810335
2018-03-04 13:00:00,53900.236363597985,53983.84712222446,53802.905715514724,53889.164528276015,10101.822939237598
2018-03-04 14:00:00,54398.481144961595,54422.11270874995,54217.53152756225,54267.97548018472,8880.992448587822
2018-03-04 15:00:00,54469.33663188218,54496.28156548924,54113.69235436398,54372.3957829518,12206.089409267943
2018-03-04 16:00:00,54502.858167885286,54608.69691667988,54453.671952767036,54589.42857520243,10868.40685638391
2018-03-04 17:00:00,54474.77389885276,54518.72193976681,54257.84097771174,54419.48711620417,7310.945925794575
2018-03-04 18:00:00,54730.39669170845,54740.026345973965,54648.5041167953,54696.66722739628,10047.80285443437
2018-03-04 19:00:00,54440.546403084205,54694.98227474241,54360.402988119655,54464.04522282116,10440.312470568031
2018-03-04 20:00:00,54597.454592655435,54686.439586011526,54450.13590737386,54599.63456296501,12904.706168883384
2018-03-04 21:00:00,54705.7721569199,54813.081687564925,54624.165746598876,54705.123207593744,14023.545287998753
2018-03-04 22:00:00,54887.750943740895,55055.221343658646,54656.26186084509,54782.718275950676,12539.362713946874
2018-03-04 23:00:00,54915.42380042201,54917.12306383681,54748.166159169115,54843.37155636815,10615.532164030923
2018-03-05 00:00:00,54448.364152853996,54615.89911703408,54353.320458911854,54509.88349896253,11653.407712650938
2018-03-05 01:00:00,54117.94303410254,54269.982538269855,53990.59991489012,54137.346052496534,9949.300159587317
2018-03-05 02:00:00,53906.541081963805,53975.55810701612,53744.97268378225,53904.93492162202,9677.340384438456
2018-03-05 03:00:00,53490.52000642246,53609.229613473195,53430.40413842741,53605.928935352116,8427.971708278892
2018-03-05 04:00:00,53899.547819265805,53902.58968109608,53716.63252160199,53863.60758847936,12192.564860117503
2018-03-05 05:00:00,53633.218114627176,53776.846062586104,53590.701243767886,53689.01281933378,11305.54598234719
2018-03-05 06:00:00,53542.437962031654,53623.34046619282,53498.99215166272,53509.90674441568,13604.499463496564
2018-03-05 07:00:00,53287.18530045921,53483.48880828674,53181.21852881575,53371.137526426035,11458.516047284376
2018-03-05 08:00:00,53319.13448691674,53398.07705753305,53228.58741542986,53346.29275409419,11550.198023556673
2018-03-05 09:00:00,53145.172062575075,53260.74082526659,53105.269875901155,53192.92118750924,10912.106295319334
2018-03-05 10:00:00,53049.289644847115,53331.68696472058,53007.74462655714,53245.67915977858,13709.111669494994
2018-03-05 11:00:00,53026.95075734679,53185.504554577004,52879.09678405525,53018.31955422602,11709.155406555925
2018-03-05 12:00:00,52824.15974020774,52935.72020075711,52746.84024547414,52850.83005236016,15899.441866231688
2018-03-05 13:00:00,53090.4207239697,53142.6610063889,52861.62737028623,53031.99336898909,11710.924346581953
2018-03-05 14:00:00,53216.789383001334,53365.07428118917,53141.82435953208,53262.243353465325,14333.672080664606
2018-03-05 15:00:00,53117.531773824514,53214.35802278488,52965.023798138616,53175.89822370723,7708.869414484467
2018-03-05 16:00:00,52743.32065489014,52790.00791286457,52737.79095586191,52738.60607248983,12701.561188224558
2018-03-05 17:00:00,52526.10972940176,52839.856413796784,52421.348684499215,52624.67605450268,9093.733180378225
2018-03-05 18:00:00,52839.31496490619,52866.34045039313,52788.29436605185,52859.6389210135,12950.449585597991
2018-03-05 19:00:00,52872.01642061535,53097.86450996226,52711.55442120126,52791.7754556158,9488.850395568217
2018-03-05 20:00:00,53091.73391784502,53163.185339522905,53013.82083141318,53084.1936012308,12607.739024973052
2018-03-05 21:00:00,53168.34186564574,53274.66736609545,53167.90877365287,53223.14553846815,10925.732625229892
2018-03-05 22:00:00,53277.85559349251,53421.11832771991,53246.95642403955,53385.42194596933,9490.698890508886
2018-03-05 23:00:00,53218.119596331686,53612.90753983469,53143.476971831595,53229.53933738449,9423.533315636672
2018-03-06 00:00:00,53302.66869710449,53368.5908002474,53138.253776857455,53345.64003354712,12789.832735667762
2018-03-06 01:00:00,53514.072708838685,53598.98510154325,53489.039061038864,53540.8362968046,10647.032220781512
2018-03-06 02:00:00,53599.23540817678,53791.39617652675,53582.06970208027,53631.25292231038,12113.049019267397
2018-03-06 03:00:00,54001.85099274401,54154.01947163265,53898.19631141733,53946.197194784036,12531.294910029164
2018-03-06 04:00:00,54081.06969882409,54212.49052136144,53973.496152290725,54141.34497850067,9628.831332771239
2018-03-06 05:00:00,54164.37027691348,54169.54830950708,54000.54160268318,54079.14825537936,9420.288757646771
2018-03-06 06:00:00,54081.629860750756,54180.613301573205,54045.5865598475,54153.824924600405,13338.469676985802
2018-03-06 07:00:00,54262.35919786608,54429.1127532766,54229.85441276095,54301.13374333908,8775.734560311064
2018-03-06 08:00:00,54344.525017696935,54362.48480176629,54265.12160157444,54266.480636590815,13946.980960465136
2018-03-06 09:00:00,53889.12660611626,54132.87288964427,53848.96323551473,53958.49560025557,11299.687628807224
2018-03-06 10:00:00,54307.38773583409,54351.2851749662,54293.973556719655,54294.168458980464,11211.873353229725
2018-03-06 11:00:00,54079.99414177431,54136.22338500117,53911.162515889446,53933.8156146143,12107.295171701444
2018-03-06 12:00:00,54081.95479367928,54157.84437666188,54017.1158638419,54089.55726948279,11694.279512956615
2018-03-06 13:00:00,53993.54555299439,54025.22378606692,53838.3359670363,53917.03535975954,13505.457597823854
2018-03-06 14:00:00,53941.5433961721,54028.931635048015,53846.276459563625,53924.45193290644,11097.2929931228
2018-03-06 15:00:00,53902.64530864949,54204.32132113509,53750.93162998997,53954.22871040755,8663.412973363116
2018-03-06 16:00:00,54279.24670679274,54390.623901673796,54174.67935581446,54240.5587468143,13642.130800995157
2018-03-06 17:00:00,54377.6564246854,54565.15730629801,54161.443438389935,54236.704834137854,13099.751005197806
2018-03-06 18:00:00,54421.6672412314,54464.40997468223,54373.32499981598,54432.79089376785,12468.358075973725
2018-03-06 19:00:00,54623.44229189298,54734.75066049853,54541.83235890191,54566.68977561737,9307.971322177244
2018-03-06 20:00:00,54540.456980807474,54552.23596557334,54201.072339723854,54485.14252582178,11348.131460941491
2018-03-06 21:00:00,54506.66312756484,54576.19277468793,54494.5717733457,54500.87606543217,13030.018448800962
2018-03-06 22:00:00,54485.180987352105,54629.333969878346,54436.12232425558,54528.447114270355,11132.954181939585
2018-03-06 23:00:00,54718.06381929949,54826.55874791549,54702.27108959306,54791.51121773016,7699.329618267018
2018-03-07 00:00:00,54574.42458465924,54698.49271327449,54553.4800616525,54611.554354602114,10710.992702896765
2018-03-07 01:00:00,54516.30574451834,54704.17708077404,54314.328822775125,54492.98478362164,7539.010810287795
2018-03-07 02:00:00,54611.77107754815,54638.44460935352,54568.26919384435,54621.494975791946,11211.659533796965
2018-03-07 03:00:00,54625.6625002185,54755.2925153317,54576.64190237035,54657.30644383612,11421.666676022178
2018-03-07 04:00:00,54837.753257195036,54891.95379828926,54759.89316167598,54790.997415583006,12732.504665515937
2018-03-07 05:00:00,55045.95469183868,55073.51761950933,55024.91346000614,55049.193393003625,8930.52654878467
2018-03-07 06:00:00,55050.27284975323,55120.95157901521,54979.5791921676,55009.313663010405,11391.8927619569
2018-03-07 07:00:00,54869.183235618904,54877.72323289696,54800.34915873125,54830.610331768126,10348.897095031904
2018-03-07 08:00:00,54795.00537139649,54891.71604629139,54751.686243122946,54819.55782585174,13867.335372849286
2018-03-07 09:00:00,55094.42466492707,55151.27505840436,55022.72956051319,55143.58757143361,10412.034386260499
2018-03-07 10:00:00,55570.93159966234,55628.07739919313,55510.768142456785,55588.028888482244,9198.867129530166
2018-03-07 11:00:00,55333.861547541426,55498.84275734338,55018.455204590864,55400.6760021912,11980.248321428531
2018-03-07 12:00:00,55866.91801431441,56025.163166816434,55786.85168969909,55858.66094577181,10174.021678955005
2018-03-07 13:00:00,55681.945665084764,55772.17937661576,55505.52516799629,55634.09018660334,12305.145880005515
2018-03-07 14:00:00,56083.14204667527,56404.52223244441,55875.66218334814,55976.6432248067,16083.596767511364
2018-03-07 15:00:00,55867.014020712595,55936.699696877164,55801.977963287216,55900.132918417934,11718.279453163746
2018-03-07 16:00:00,55594.481467126694,55750.73465549802,55588.13688130877,55607.75796403552,11254.87241613179
2018-03-07 17:00:00,55781.475490502504,55966.13724393105,55651.11563665559,55716.250613779506,10517.349549364826
2018-03-07 18:00:00,55815.27294754671,55948.58065534445,55643.251821536425,55756.17418125799,7516.226072515148
2018-03-07 19:00:00,55710.50656400642,55723.9425107164,55487.366303579816,55636.485983526356,10125.778259764915
2018-03-07 20:00:00,55245.91825863815,55351.15992997374,55116.21483897595,55308.150220578806,13002.741749365943
2018-03-07 21:00:00,55299.91447586408,55330.7024784663,55209.71197816381,55295.18150117394,12409.68779799862
2018-03-07 22:00:00,55403.3273578281,55426.82830465174,55312.00803689062,55372.05382505597,10391.820004147148
2018-03-07 23:00:00,55360.108221154784,55425.953948594295,55283.80961375808,55375.3167057572,11841.842186945994
2018-03-08 00:00:00,55733.57969859072,55873.645467185524,55524.85063450949,55668.386341586425,10427.314697087728
2018-03-08 01:00:00,55754.365821590494,55820.783471534174,55719.382947378595,55804.93711120459,8327.711374544626
2018-03-08 02:00:00,56018.80092322365,56038.368060225235,55791.31945774604,55943.50460191876,10658.551711785667
2018-03-08 03:00:00,56011.87415350342,56407.979756391316,55844.34731543469,56136.41672163816,10487.674092343377
2018-03-08 04:00:00,55712.44163989442,55873.33087544182,55646.84601613611,55696.39949682686,11740.818294495708
2018-03-08 05:00:00,55551.655096098795,55641.157112187655,55381.15744194123,55489.45324884845,11015.943866604011
2018-03-08 06:00:00,55231.99817179848,55261.86447704402,55024.670403667136,55178.041095376386,13433.670858753787
2018-03-08 07:00:00,55641.869557514496,55884.449761792814,55631.70771307835,55644.164775200086,10315.179372500568
2018-03-08 08:00:00,55597.490560829814,55684.23864499291,55424.99701620953,55506.621647004395,9993.505096893425
2018-03-08 09:00:00,55464.27993226793,55506.43687232227,55362.339530430356,55407.19668483966,13039.048454914653
2018-03-08 10:00:00,55799.946748496164,55873.018985720846,55707.04912781215,55763.99626871135,11143.847474732067
2018-03-08 11:00:00,55783.20901758541,55919.11635938444,55773.66860170326,55838.369839627754,7911.725026451367
2018-03-08 12:00:00,55605.63626147547,55641.78947929437,55395.52716247684,55633.682796193876,11428.708351051331
2018-03-08 13:00:00,55461.597371502176,55500.652069279626,55413.34825845838,55449.36353382739,12045.021836664106
2018-03-08 14:00:00,55718.98702921778,55902.98715763079,55617.7988233056,55720.34028102075,9726.608819338062
2018-03-08 15:00:00,56234.04414971773,56327.96900617151,56029.82273410711,56215.661936704586,14739.999653357201
2018-03-08 16:00:00,56182.73586331716,56230.42532508131,56102.424695596645,56211.04657155891,13300.141979054926
2018-03-08 17:00:00,56347.85918560256,56516.67869818553,56306.87613843948,56342.12788358212,12855.654809060434
2018-03-08 18:00:00,56304.28268860912,56317.07080611073,56273.73798144431,56280.024705883465,10320.704268568023
2018-03-08 19:00:00,56544.119325484644,56669.36534053918,56304.25989893318,56585.59237952139,12760.125616377796
2018-03-08 20:00:00,56016.88742934981,56251.68819318714,55910.37796224347,56048.56937300814,5350.6736007787285
2018-03-08 21:00:00,55956.6871882365,56027.37138607092,55774.814384384015,56020.65952208176,11149.241335709672
2018-03-08 22:00:00,56014.48997869241,56172.60284826963,55842.635499900134,55930.48502087088,10412.095194809817
2018-03-08 23:00:00,56289.89852293099,56535.71282506438,56280.46623854961,56377.45469895328,15057.268596058015
2018-03-09 00:00:00,56324.32110589415,56497.10317511321,56217.763422485485,56334.644161464625,12715.717257792836
2018-03-09 01:00:00,56479.709400222,56595.14942404024,56333.63906237833,56515.26997642271,11150.970503169681
2018-03-09 02:00:00,56207.599923465816,56321.5431145448,56152.611334276124,56273.85769232681,10031.63864812048
2018-03-09 03:00:00,56386.12277944075,56418.61878207283,56361.02878509638,56381.66593266721,9215.251326011661
2018-03-09 04:00:00,56416.72337255311,56586.31733031382,56295.89751184272,56408.228152776355,9413.419330591409
2018-03-09 05:00:00,56497.134841518855,56601.73101071929,56427.5504631029,56431.42542721627,10347.501794812277
2018-03-09 06:00:00,56686.344994225736,56756.4506999429,56558.066319909805,56648.12478892836,7269.760672947203
2018-03-09 07:00:00,56681.17186235656,56814.67162473316,56640.46853543333,56685.85965512446,13401.612549510843
2018-03-09 08:00:00,56594.91147340269,56654.77942470721,56442.65528604978,56530.57118509858,8374.234893444751
2018-03-09 09:00:00,56474.260367512055,56616.799831290475,56424.523035303784,56586.56704477364,10062.256607784027
2018-03-09 10:00:00,56399.313893981016,56410.984354702865,56296.457524323436,56351.633735902076,11075.412658077697
2018-03-09 11:00:00,57014.464345505905,57147.031375413746,56899.166115091946,56948.77377266757,11299.673490638865
2018-03-09 12:00:00,56367.50698533523,56460.019792321466,56156.14100230134,56405.80541864091,8916.65157761222
2018-03-09 13:00:00,55959.5583356206,56053.34207891059,55835.689109141924,55961.70300273182,11746.612031742634
2018-03-09 14:00:00,55641.13748156924,55944.73469996662,55499.92221348378,55748.847888201664,9400.052543535785
2018-03-09 15:00:00,55659.506965835455,55753.78492175801,55633.65050854136,55716.012151736475,11018.982281133845
2018-03-09 16:00:00,55906.857791906914,56019.79104166839,55905.295393312306,55972.91880693868,10399.724694254548
2018-03-09 17:00:00,56223.296643458365,56329.72630904469,56153.45362580804,56173.91897356367,11506.181028651317
2018-03-09 18:00:00,56148.212930587986,56179.78978918001,55909.714477472844,56115.38423374172,8245.497555326383
2018-03-09 19:00:00,56039.74928358022,56158.477462083516,55858.497469047004,56090.70783251856,11623.362878404796
2018-03-09 20:00:00,55911.074980978054,56114.02229533798,55859.06918877827,55952.1529179778,12952.100954523667
2018-03-09 21:00:00,55984.431369547805,56170.8194212213,55919.79919374875,55949.31308133313,9994.160770287786
2018-03-09 22:00:00,56026.16887382074,56113.23283108432,55855.86133249762,56056.68030888803,12667.263483951905
2018-03-09 23:00:00,55983.12362353469,56099.11639297161,55924.12851773733,55972.93105097713,9628.50577135685
2018-03-10 00:00:00,55993.111388992795,56081.66553749623,55941.53738663857,55944.00228749313,7817.364141127907
2018-03-10 01:00:00,56715.36315014356,56797.33668040957,56531.231141157186,56616.518693117534,10795.534108936463
2018-03-10 02:00:00,56567.686390463314,56597.38475287591,56407.67854049241,56496.28322736954,10152.640821575393
2018-03-10 03:00:00,56843.289413824525,57017.04020059158,56666.552998845524,56752.4798929461,10545.275236155254
2018-03-10 04:00:00,56036.108468741644,56036.313421799554,56003.77828078809,56019.46172416197,11097.015224659772
2018-03-10 05:00:00,55756.13836217726,55826.63824273724,55649.029965609174,55725.076727578125,12703.838606432097
2018-03-10 06:00:00,55839.601007880774,55870.42052618013,55829.42425542213,55862.506278457215,11193.859008391913
2018-03-10 07:00:00,56124.453483119956,56357.63301360518,55840.836750114315,56088.3511640671,11143.369248705065
2018-03-10 08:00:00,55298.69958487768,55358.46380254252,55141.85630952066,55230.388846835085,10282.79850501914
2018-03-10 09:00:00,55168.234465612615,55340.297103006415,55015.63814970529,55134.477289672206,11617.68539755535
2018-03-10 10:00:00,55310.077756104,55397.139831673354,55166.47026976775,55274.61678752693,10088.057299181746
2018-03-10 11:00:00,55412.608097032055,55639.51576578886,55305.98998830905,55330.41601620754,8601.178806154632
2018-03-10 12:00:00,55020.656632879065,55080.58783629377,54918.09695975366,54967.50543821756,12657.846511515789
2018-03-10 13:00:00,54841.04144793015,55104.61725937113,54813.99702111713,54864.778009222246,12323.237803497364
2018-03-10 14:00:00,54767.509782802226,55093.2949130111,54704.09073494293,54868.92173543595,12900.982253005981
2018-03-10 15:00:00,55094.99111574849,55203.75371666715,54866.785678910084,55044.67603437336,9263.192059664509
2018-03-10 16:00:00,55093.717316444876,55113.44657703195,54946.22128270633,55094.287668483084,9730.80106370127
2018-03-10 17:00:00,54800.71596712842,54844.53754973182,54429.46161945763,54799.620222078156,12217.713457591955
2018-03-10 18:00:00,54654.85072575176,54918.38443171315,54542.78433356742,54712.63337083539,11206.895189166436
2018-03-10 19:00:00,55089.46465856683,55114.70608182972,54992.174266378905,55027.74063936152,11483.862241541878
2018-03-10 20:00:00,55010.70036887522,55031.51533762494,54906.85140020735,54916.33411754829,7011.519634962797
2018-03-10 21:00:00,54922.05270168875,55039.33573298254,54793.75639005847,54876.14967293476,12426.879831920596
2018-03-10 22:00:00,54612.468509713,54670.591892602424,54512.36393680624,54554.76042916482,8977.01887077393
2018-03-10 23:00:00,54774.39242837259,54860.0045013244,54545.53599226163,54639.985059861414,13044.117053884656
2018-03-11 00:00:00,54648.51405755721,54736.68139096437,54252.26850286353,54573.50359647997,9192.65666068095
2018-03-11 01:00:00,54790.69406028846,54902.878658134985,54712.96682238276,54782.385913079284,7568.774083839115
2018-03-11 02:00:00,54886.829936811155,54975.19042106632,54525.84013136052,54765.75983420823,12588.314761621965
2018-03-11 03:00:00,55102.14252596887,55143.71855374104,54972.988268317866,54993.58087001059,12858.783529919621
2018-03-11 04:00:00,55289.588281217264,55395.96690163697,55274.23369549034,55316.138071663045,12496.697960476991
2018-03-11 05:00:00,55416.45825385038,55707.66417988395,55345.39607476287,55495.49313713272,10522.883005600557
2018-03-11 06:00:00,55447.10682084957,55473.95105747687,55203.7806552539,55297.894916429956,12555.062389932402
2018-03-11 07:00:00,55460.372803595616,55564.04439961316,55368.83080395663,55470.78616917879,10112.747105091346
2018-03-11 08:00:00,54954.672762298265,55226.46541986988,54774.26441609997,55027.52651569063,11118.419567568133
2018-03-11 09:00:00,55387.438374004065,55423.273972397496,55381.17841388534,55396.30590923248,10775.141128417583
2018-03-11 10:00:00,55414.68007519978,55431.319513663504,55272.517685030296,55351.39139904601,12856.484945499196
2018-03-11 11:00:00,55386.31351962202,55590.11151938564,55369.832697851845,55440.105464259315,10691.738651315118
2018-03-11 12:00:00,55461.36703641896,55748.83908453393,55313.81470320775,55462.257429676545,7418.096714321975
2018-03-11 13:00:00,55517.86197562836,55573.87606075671,55453.0301015462,55538.76802056534,13311.388451322015
2018-03-11 14:00:00,55175.97253627141,55254.0480926629,55090.95037987974,55206.70709819473,14948.209190519094
2018-03-11 15:00:00,55417.36525728435,55519.2093219444,55354.82234352613,55420.51251037311,9933.134918677208
2018-03-11 16:00:00,55582.81804210564,55729.96238860091,55520.092256135635,55568.537070023696,12579.585596212557
2018-03-11 17:00:00,55681.12572503583,55723.76874879692,55468.460894955766,55649.48094731124,11424.877514883867
2018-03-11 18:00:00,55515.45039612186,55594.075313838955,55244.45683079414,55566.335548017276,10668.27979670112
2018-03-11 19:00:00,55447.60278765996,55626.44367975768,55357.81564940857,55523.3627978925,11415.281148334932
2018-03-11 20:00:00,55565.762709549876,55576.05655469453,55410.66657599405,55548.7454883565,11222.172527066568
2018-03-11 21:00:00,55317.54331668008,55358.51594423983,55162.42925026841,55227.51528912172,8743.876907068967
2018-03-11 22:00:00,55311.25640936696,55491.89457893104,55272.9912767773,55317.73809965074,9492.71457857156
2018-03-11 23:00:00,55570.08813308577,55588.8320758095,55443.61671697336,55518.71766891986,10932.163182663971
2018-03-12 00:00:00,55638.17170515771,55707.75484283505,55554.61484484862,55573.4291668655,13434.252582667072
2018-03-12 01:00:00,55163.48304145091,55351.696332651736,54981.47178177535,55050.515348125,10926.348436648876
2018-03-12 02:00:00,55076.38628268577,55192.90991914687,54992.31721958054,55021.01252824391,9959.218223204443
2018-03-12 03:00:00,55085.15118011225,55098.95881314322,55024.565795044255,55088.71940095722,10081.884889827052
2018-03-12 04:00:00,55206.82615367386,55272.88436006265,55058.942378418426,55154.77573659473,12104.228298209306
2018-03-12 05:00:00,55196.1647687942,55296.1578332669,54954.08909210096,55150.36249565292,10040.592652712598
2018-03-12 06:00:00,54979.72941073904,55054.09418985236,54898.247587792546,54984.06151697588,10481.329527639471
2018-03-12 07:00:00,55028.57855495257,55050.034758187554,55017.25035368617,55019.905516441024,11919.081242738564
2018-03-12 08:00:00,54924.30367391619,54950.28697606492,54703.678519275985,54847.54903056978,11338.532042585191
2018-03-12 09:00:00,54699.92030313792,54941.650800959695,54577.557108142966,54663.55075504171,11598.270199803173
2018-03-12 10:00:00,54307.07433841386,54403.27538875043,54214.60016774057,54282.43525718381,9017.68431828831
2018-03-12 11:00:00,54498.96298556231,54501.51192545848,54349.99528045202,54444.12118505381,13861.141464986951
2018-03-12 12:00:00,54166.059200286625,54333.18755924793,54046.37661953574,54283.4217113772,12779.495828298514
2018-03-12 13:00:00,54236.10134619878,54388.12517586345,54072.32958109397,54203.37804918827,9981.31316439367
2018-03-12 14:00:00,54273.00112364299,54344.46593562414,54125.24977494197,54189.68170705626,11860.653036000454
2018-03-12 15:00:00,54075.51848583927,54243.31886681734,53827.8262696281,54067.27182746792,8574.123385443074
2018-03-12 16:00:00,53998.63603882389,54206.96183794005,53855.55630855957,54000.39002742786,14570.667443861752
2018-03-12 17:00:00,54189.23407444284,54295.94716512963,54104.767815849096,54166.641421566186,9697.72407964436
2018-03-12 18:00:00,54390.9245972525,54456.114452529095,54330.52096393049,54443.79289725563,9222.45866763141
2018-03-12 19:00:00,54637.19644502179,54769.31030050456,54413.5654535524,54607.95613722996,12915.507264213878
2018-03-12 20:00:00,55133.044711283066,55367.02135944619,55104.02694692556,55157.95631074803,8529.662472389648
2018-03-12 21:00:00,55151.030961689794,55243.483555946645,55027.13271091168,55093.28196494188,12068.370978127743
2018-03-12 22:00:00,55128.921798392534,55155.14437070016,55043.859441301516,55096.710996537426,10221.857865542826
2018-03-12 23:00:00,55099.39116445671,55292.651893547634,55029.494863001426,55150.53628305527,13031.9254775889
2018-03-13 00:00:00,55112.890114091635,55167.44796789886,54989.793341126206,55101.759613158785,7859.431302310457
2018-03-13 01:00:00,54854.140330054535,54895.166260822174,54743.29335277969,54871.913828736564,10197.636572365673
2018-03-13 02:00:00,54602.18872456342,54733.5787163976,54451.13782862583,54681.07792419923,13279.39448232132
2018-03-13 03:00:00,54874.10866520633,55060.41984872716,54802.669438469,54839.091529784964,12163.03341684351
2018-03-13 04:00:00,54696.8663878927,54846.37831777608,54695.86444647875,54771.46750211594,11109.413670502345
2018-03-13 05:00:00,55200.71428096774,55330.86028123904,55148.19884256325,55196.228087887044,10438.983405622579
2018-03-13 06:00:00,54864.80512706692,54963.431484627305,54863.97555141882,54905.56306459253,12697.28951581502
2018-03-13 07:00:00,54928.749074671905,55184.205472555885,54918.433063545795,54948.11574311203,13093.401745469548
2018-03-13 08:00:00,54901.61091866729,55003.51002795764,54839.803532534694,54862.68038922551,6761.930739146116
2018-03-13 09:00:00,54936.94367922587,54994.90004885771,54820.50318989565,54869.429038950046,7899.937518876466
2018-03-13 10:00:00,54736.55571835181,54781.48165254326,54581.13000222857,54714.04867689737,10739.239840737031
2018-03-13 11:00:00,54806.4988948394,54914.68064683409,54558.34149316716,54805.60149466134,11775.817445834138
2018-03-13 12:00:00,54812.57017834708,55024.0867690844,54743.53489569186,54846.4749002776,10521.343866448005
2018-03-13 13:00:00,55073.85702038518,55309.730736628706,54894.47163139331,54971.387685954476,10623.123896038556
2018-03-13 14:00:00,55203.54818977068,55508.114630982986,55188.54873415272,55294.03150987754,10827.198808879055
2018-03-13 15:00:00,55228.88528329308,55368.81329018962,55110.85886299301,55252.990120299975,11621.745526958937
2018-03-13 16:00:00,55128.79648107167,55456.184892836245,55082.59295572874,55170.84402668716,12103.877980390058
2018-03-13 17:00:00,55345.91310859426,55618.93146527743,55068.19205660591,55424.69099010233,9616.220461930663
2018-03-13 18:00:00,55357.87971982759,55382.09527876678,55307.237187001796,55325.6954700894,10978.404779670098
2018-03-13 19:00:00,55029.50703354337,55192.10158882441,54953.15842274533,55112.022539014324,13852.089875282705
2018-03-13 20:00:00,54978.68407742034,55009.879722599144,54809.80951149103,54940.620379957734,12839.532998020655
2018-03-13 21:00:00,54971.112622927445,55095.46621723031,54899.99050011901,54989.783312670625,9768.00727624487
2018-03-13 22:00:00,54684.68847081717,54866.25905648568,54559.297884594955,54700.47135648632,8997.810554592954
2018-03-13 23:00:00,54517.102458118745,54640.92561606835,54392.23893891453,54447.69885573512,9891.071812394617
2018-03-14 00:00:00,54760.37745989683,54927.9171073357,54740.13160055068,54802.59874102412,11453.950737621715
2018-03-14 01:00:00,54253.646800797855,54397.412600634736,54226.855692082696,54373.42674864199,8974.643910072098
2018-03-14 02:00:00,54169.75922400726,54230.7386073763,54124.44702824348,54139.36145435437,12404.363098134934
2018-03-14 03:00:00,53868.60562768972,54065.38712451048,53861.24479194298,53887.78617239299,11227.362526256598
2018-03-14 04:00:00,54311.42322389153,54474.16174879801,54130.676297728714,54387.529987899965,10415.255732302618
2018-03-14 05:00:00,54523.66620966276,54652.22209314669,54481.68664892174,54577.26214519373,12437.420011599062
2018-03-14 06:00:00,54910.756010732846,54918.16309377402,54693.82277525615,54824.701591843856,10383.851281791533
2018-03-14 07:00:00,55036.687501990695,55085.744773387916,54978.66310424131,55025.270374789136,8111.530982363938
2018-03-14 08:00:00,54786.21848315705,54971.09776375561,54689.5327135186,54780.601201435784,12568.800739318656
2018-03-14 09:00:00,54793.53078921409,55006.445757354166,54570.278861391045,54855.03062982407,11264.738289402752
2018-03-14 10:00:00,54980.88464916702,55039.20498357066,54956.65087593346,54969.79511664577,10937.784368281154
2018-03-14 11:00:00,55301.10410405863,55455.95507423213,55160.23702929225,55171.692050133126,8875.171126582252
2018-03-14 12:00:00,55493.15484975243,55686.05919135867,55422.32482985202,55525.789464497175,14139.7600065376
2018-03-14 13:00:00,55687.35525310254,55732.92320493296,55518.4077318144,55675.95293612558,9426.44131397453
2018-03-14 14:00:00,55628.63401771664,55783.82030713855,55592.0998834635,55653.82795735978,12993.897972768407
2018-03-14 15:00:00,55818.68637100965,55835.0385234654,55724.360088495596,55782.74496270533,9558.93738377341
2018-03-14 16:00:00,55727.170654690286,55758.10100194488,55680.793379977964,55716.47285583301,10750.99649237052
2018-03-14 17:00:00,55810.82693640088,55912.0440315164,55589.172838205,55635.14387673887,10580.22470322849
2018-03-14 18:00:00,55530.24679707427,55570.03710682862,55321.404697378646,55537.51113650505,8175.098728325569
2018-03-14 19:00:00,55410.27983816348,55436.79622224637,55235.03226314424,55398.80456098851,8331.685783407616
2018-03-14 20:00:00,55319.04232672978,55333.54911767289,55137.33123631623,55235.079937903196,14692.244497885034
2018-03-14 21:00:00,55079.08163612737,55114.565349720266,54863.767260808694,55084.55232196379,10441.285753239255
2018-03-14 22:00:00,55311.32278157353,55379.80739959484,55239.920861194376,55281.438214218586,9819.024975189845
2018-03-14 23:00:00,55537.23404085156,55597.548661127534,55519.09172807601,55564.86740214574,13631.090629262813
2018-03-15 00:00:00,55711.29711526712,55916.043106763515,55646.79348151234,55783.55124090333,10884.1922347175
2018-03-15 01:00:00,55741.33103557529,55762.22950652077,55678.93386865147,55684.77602433099,12403.691553359089
2018-03-15 02:00:00,55691.22476516479,55778.99943978704,55530.953042459456,55604.008821659634,13580.89910958772
2018-03-15 03:00:00,55281.46982802898,55426.785600264295,55153.52146893089,55300.45641995865,10691.307919301169
2018-03-15 04:00:00,55193.42183635977,55324.07008612543,55012.27012569529,55140.71085558413,8832.955431860515
2018-03-15 05:00:00,55227.88754197091,55260.921449583635,55118.16641244825,55193.1511454051,9721.754107692712
2018-03-15 06:00:00,54705.84468859846,54735.96565910946,54675.66457258845,54729.04438920278,8914.514125412927
2018-03-15 07:00:00,54306.3732494776,54431.85291443143,54169.93419543792,54334.305907837916,13137.88409144922
2018-03-15 08:00:00,54097.21072729545,54213.49026868657,54028.49644897481,54159.69511002978,11720.305289360895
2018-03-15 09:00:00,53679.504573735,53729.2690079029,53627.19731112086,53726.078883325186,12381.153252684477
2018-03-15 10:00:00,53777.54875173892,53786.67646438762,53686.048417640995,53759.76589173864,11563.15817268364
2018-03-15 11:00:00,53762.158085998846,53785.333196168234,53710.05272936631,53776.590044890894,11481.45570001651
2018-03-15 12:00:00,53933.517665873405,53962.120112097014,53791.28538469906,53861.19705910361,12590.492214789505
2018-03-15 13:00:00,53511.61897944663,53605.53218095875,53456.35253598893,53569.54980740855,8758.90779769281
2018-03-15 14:00:00,53457.77929973763,53542.263671007095,53356.89401639419,53490.19884443946,12271.709834385056
2018-03-15 15:00:00,53459.57911909425,53633.16419142986,53307.73414089713,53488.781957570834,12065.805020512853
2018-03-15 16:00:00,53378.64454313293,53386.1414264953,53309.63192637015,53340.26091817304,11783.380750921284
2018-03-15 17:00:00,53166.43849612283,53197.64083638176,53113.33041386613,53184.72109073609,12204.353378481543
2018-03-15 18:00:00,53544.58438154552,53763.454939076175,53330.2196909308,53585.003449583295,10729.157345309031
2018-03-15 19:00:00,53456.649209080184,53470.825663559066,53274.1704121733,53445.53999235757,7733.209106933469
2018-03-15 20:00:00,53518.72451372936,53564.3029860245,53334.12511328968,53511.47751668513,11848.504272976983
2018-03-15 21:00:00,53801.34966043752,53892.54013866628,53781.60538525759,53786.397986274715,8540.994654319367
2018-03-15 22:00:00,54021.12385130907,54212.15949834581,53984.22001501796,54016.70289020754,11833.942718421615
2018-03-15 23:00:00,53932.55931903181,54079.54992479733,53871.44930824692,53947.443187789955,9832.755439965553
2018-03-16 00:00:00,53464.9450752444,53589.75489804985,53423.57075202348,53484.801702095145,14128.372973222336
2018-03-16 01:00:00,53597.399412768194,53611.16303905278,53571.93155738015,53579.249004838945,10525.837456784893
2018-03-16 02:00:00,53545.55699487343,53645.77620377809,53401.988963890646,53517.14649918947,8978.24890842432
2018-03-16 03:00:00,53986.34883351868,54019.22567795266,53843.61054509173,53957.73273297351,12122.016141214692
2018-03-16 04:00:00,53946.82217724719,54052.19330227634,53917.98262889629,53935.27091738516,10237.09963122833
2018-03-16 05:00:00,53812.268848940075,53977.76394094754,53712.05470492242,53772.79390024385,12232.075040395393
2018-03-16 06:00:00,53542.320597907645,53610.181180392254,53512.11885150607,53586.27894765459,10724.861014734393
2018-03-16 07:00:00,53776.530337567696,53831.13683004584,53497.74205141651,53681.89025733427,12486.662449455176
2018-03-16 08:00:00,54067.255955279456,54184.87912737018,54032.63660482096,54046.02838518119,8986.65772841906
2018-03-16 09:00:00,54114.482504863,54220.23241252216,54005.784061403094,54187.70583169762,11228.284433242932
2018-03-16 10:00:00,54120.575132850354,54122.99438262899,54004.23212311496,54111.01035685068,12128.378714352239
2018-03-16 11:00:00,54049.67832866096,54345.64329254893,53998.176534146696,54103.16087260076,10724.13100388125
2018-03-16 12:00:00,54512.351301426446,54528.19797896772,54374.32890605382,54412.134183347516,9221.594927594706
2018-03-16 13:00:00,54371.99292050235,54402.921333282145,54335.807219725,54382.818503234266,12007.691207890508
2018-03-16 14:00:00,54371.322876257545,54539.4074577277,54311.905066057734,54437.23235394418,10491.966934538188
2018-03-16 15:00:00,54605.18276094212,54707.83806677015,54501.104245296345,54668.759192369806,10460.220545906099
2018-03-16 16:00:00,54764.531018426984,54800.303194009284,54739.50663500235,54772.174039488054,12200.717850911038
2018-03-16 17:00:00,54416.630853588504,54468.696957012144,54358.54705899037,54436.40825440087,13687.314720956889
2018-03-16 18:00:00,54434.401892411384,54506.14902808552,54209.551703868994,54353.98616120145,12471.44082805707
2018-03-16 19:00:00,54174.73206328398,54180.28343860797,54090.34245030483,54158.10340052488,10598.111140820043
2018-03-16 20:00:00,54168.31196137719,54179.00704979316,54004.84241964016,54094.251814259675,10594.367326920441
2018-03-16 21:00:00,54420.643669838595,54524.473681035015,54254.71325727448,54457.58413498731,10199.096496388545
2018-03-16 22:00:00,54857.950521502906,54874.91805340427,54610.299713017244,54809.06956913132,10965.227052310696
2018-03-16 23:00:00,54898.094340732525,55072.49978660552,54758.96971865378,54834.091017307495,12442.127175178728
2018-03-17 00:00:00,55063.75600570172,55118.67548499039,54791.020190857314,55004.71324780908,10720.239621450033
2018-03-17 01:00:00,54742.09271686995,54860.50273694438,54708.683526169756,54753.18602844497,13066.56355951538
2018-03-17 02:00:00,54759.58393795685,55107.21212742706,54743.286526205055,54830.77215173352,10614.932360567902
2018-03-17 03:00:00,54526.35995368815,54699.50917539706,54505.150128264824,54619.24693337849,12198.580082671502
2018-03-17 04:00:00,54751.091530793514,54864.49243571792,54566.86646795942,54663.18944621905,11085.13773763171
2018-03-17 05:00:00,54793.88513487772,54935.30827607483,54761.53211188223,54817.813925427894,9776.999027148051
2018-03-17 06:00:00,54804.78633870415,54871.549769916935,54675.471513350465,54817.91829220578,10947.16693619175
2018-03-17 07:00:00,54909.15209274327,55057.07089603956,54822.339809325276,54907.33887082459,10986.534565866656
2018-03-17 08:00:00,54973.92461603396,55018.26654010825,54757.00768510259,54957.67552459181,10457.252667615176
2018-03-17 09:00:00,54703.93585250066,54710.59326897845,54612.972108951784,54634.09812578484,12614.235197659824
2018-03-17 10:00:00,54667.353991040894,54736.88434502857,54630.70860789795,54729.12316839045,7859.840800509102
2018-03-17 11:00:00,54570.729004754125,54593.294987958725,54408.95610606647,54580.74677259267,13072.998049485457
2018-03-17 12:00:00,54563.233305462214,54606.95391183146,54475.187617557036,54561.18436512306,11821.440751638853
2018-03-17 13:00:00,54434.9509270311,54546.28751203044,54272.55254042508,54483.80031459268,12304.692872274498
2018-03-17 14:00:00,54659.20172923914,54862.41401925392,54496.30227438961,54687.67380602425,14698.126800928567
2018-03-17 15:00:00,55009.42064959115,55154.97244587449,54892.175473984455,55027.89824407312,7969.281378294712
2018-03-17 16:00:00,55095.33791073366,55110.94781187831,54973.754599993736,55007.0143602355,13476.074535747575
2018-03-17 17:00:00,55032.645527169196,55251.90597793813,54906.4509115096,54920.852404470046,9960.438324765417
2018-03-17 18:00:00,55057.62952708098,55204.16872998348,54916.54560083809,55076.77007843661,13189.605297098744
2018-03-17 19:00:00,55044.18296877912,55249.31191333606,55032.37827163641,55113.78422432059,10100.232137890942
2018-03-17 20:00:00,55097.59445028424,55178.38728366561,54889.634573146395,55041.344224481836,9216.878197920936
2018-03-17 21:00:00,55010.257504330664,55059.55531417313,54800.07197391111,54968.537390624966,11756.966070627324
2018-03-17 22:00:00,55407.54214498272,55525.24632021732,55341.80624833213,55377.63723505842,11025.71698139118
2018-03-17 23:00:00,55671.84277087031,55753.03870043978,55572.944173422744,55582.1899118687,13479.203053151015
2018-03-18 00:00:00,55019.26737644628,55172.74198484977,55017.714913596414,55097.629125539854,12089.924572023498
2018-03-18 01:00:00,55146.04624561537,55235.86843687347,55051.694613424326,55114.578814131535,12789.946150773652
2018-03-18 02:00:00,55497.93862683549,55525.03254770829,55356.073166601884,55386.41507290026,8258.289564487073
2018-03-18 03:00:00,55260.780577219404,55387.55787839733,55193.251779117905,55271.45250390221,12433.412035547899
2018-03-18 04:00:00,55264.064772763835,55301.372197502795,55220.830990578914,55273.85753791895,10227.732953433202
2018-03-18 05:00:00,54886.088245829975,54952.40107292819,54829.44788960081,54899.70085763867,11750.371512662072
2018-03-18 06:00:00,55059.862261034716,55169.47710759209,54983.71462393638,55047.08063141549,10468.898858349845
2018-03-18 07:00:00,54965.10636676326,55028.18070721428,54794.30016918195,54947.91743632516,13144.111480892172
2018-03-18 08:00:00,54826.060402960255,54905.239607619886,54708.952181580076,54831.653575974764,12690.145043668626
2018-03-18 09:00:00,54751.63904518224,54929.90920342177,54721.784781646966,54820.385049849596,11616.006042963822
2018-03-18 10:00:00,54584.63867159138,54653.54897848341,54456.53298284769,54582.20596391009,12988.994963247946
2018-03-18 11:00:00,54571.05221274038,54629.27433528328,54390.60181304057,54502.50914257436,10175.353418284905
2018-03-18 12:00:00,54463.324892247,54508.02847726879,54426.94718734799,54484.49102223981,10691.877134366481
2018-03-18 13:00:00,54379.7004867517,54515.48062698838,54369.99878952989,54472.80684625198,13898.527364869167
2018-03-18 14:00:00,54172.6698314548,54337.89363157908,54135.1252439533,54270.807479093135,9184.820563043937
2018-03-18 15:00:00,54024.3675660528,54177.160405095034,53673.08418542638,53941.43817535361,10175.1985473383
2018-03-18 16:00:00,54277.3591731266,54356.49453783011,54246.66431395601,54303.21089860254,8982.385447217313
2018-03-18 17:00:00,53992.3966710699,54191.40583203366,53908.953390498835,53935.626872052926,12595.843086963769
2018-03-18 18:00:00,53575.66834480088,53755.34648470741,53518.56828466773,53625.23245273876,9888.885727618002
2018-03-18 19:00:00,53950.81238280771,53979.84360553166,53788.785540395045,53885.79724344667,10255.79233375077
2018-03-18 20:00:00,53940.045512811164,54051.53413851432,53775.01334580033,53950.22024538081,8310.32564768077
2018-03-18 21:00:00,53965.41046023043,54059.66105637635,53774.582647096,53991.9499015951,11035.182520636727
2018-03-18 22:00:00,54018.533017732334,54025.97743418657,53968.9392946676,53983.256094497265,13118.601146222607
2018-03-18 23:00:00,53731.355692035395,53910.9416974861,53612.50588113943,53702.55022307113,8817.217161278035
2018-03-19 00:00:00,53869.680724812584,53874.659509825935,53750.44201941937,53873.20458370894,10460.5517073208
2018-03-19 01:00:00,53731.97285087494,53838.4794148277,53568.52678118545,53711.37695402719,7983.95519067663
2018-03-19 02:00:00,53630.58399241663,53677.2574827585,53399.98608721662,53540.78535990701,11394.328812567803
2018-03-19 03:00:00,53396.98061676522,53558.78119377767,53101.335033246076,53441.650903166315,10547.206579668555
2018-03-19 04:00:00,53111.91645408249,53176.826747802,52951.40542095379,53032.700991065714,9320.385640364944
2018-03-19 05:00:00,53165.08627542375,53383.05708435967,52975.048741597566,53178.21695181237,10218.817168011277
2018-03-19 06:00:00,53567.39821166593,53674.64116543191,53388.453959986546,53499.00321573861,9827.403410245373
2018-03-19 07:00:00,53079.664581422054,53144.442544699355,53030.5407692917,53102.21168311442,10447.312986334817
2018-03-19 08:00:00,53353.45155486721,53443.4373060621,53272.86683350898,53347.77033846427,11355.816020517641
2018-03-19 09:00:00,52834.97207554936,52876.37659321052,52810.22446338448,52812.34975165013,12605.061045925235
2018-03-19 10:00:00,52690.67206430643,52855.80034903497,52630.062327663145,52672.94762855285,14515.507451971815
2018-03-19 11:00:00,52426.10945142689,52540.476512138936,52412.47884899816,52465.97320972846,9086.534708863306
2018-03-19 12:00:00,52601.50849109436,52657.72343006573,52371.11590010639,52557.00112312923,12791.30179728549
2018-03-19 13:00:00,52800.48642021003,52839.8589243841,52733.45693544281,52756.68985416025,12858.300916627515
2018-03-19 14:00:00,53114.57188118877,53279.8780985636,53105.41311268976,53165.24050663612,10766.588506348518
2018-03-19 15:00:00,52826.090077180444,52946.53190573867,52777.08284542888,52841.1386738615,9023.26450919933
2018-03-19 16:00:00,52727.4755358522,52759.10483994489,52557.19216813123,52748.89740941173,8398.067334058418
2018-03-19 17:00:00,52785.77019038586,52941.42746776036,52761.988118831585,52827.89716923327,12092.171870371534
2018-03-19 18:00:00,53112.179687026146,53189.677587503254,53019.583638306205,53128.63419945423,11917.124415073435
2018-03-19 19:00:00,53165.35478026997,53187.92286833543,53088.000215284475,53091.480217144344,11038.200771501664
2018-03-19 20:00:00,52899.76282832468,53047.539392549545,52848.58511356581,52895.658898026944,11055.914167518076
2018-03-19 21:00:00,52881.56751318226,52960.865182349415,52799.66283690386,52864.07653327025,10402.643248720438
2018-03-19 22:00:00,52960.8026539508,53067.48636388773,52917.586152366646,52935.39685328745,7109.653004655749
2018-03-19 23:00:00,53075.240815126854,53154.59319641991,52998.30933602893,53040.216076828016,11556.284303043263
2018-03-20 00:00:00,53420.39287329723,53423.50970740494,53330.111361697,53344.9753662356,12999.640060521979
2018-03-20 01:00:00,53010.26976170541,53169.04529076769,52906.87847413246,53027.40162886889,11664.674799769828
2018-03-20 02:00:00,52708.02067907829,52772.84112968622,52673.123868407754,52710.65147997741,9543.175967369216
2018-03-20 03:00:00,52388.62154353095,52625.303030969895,52346.73469147444,52497.02081900195,11282.862410664562
2018-03-20 04:00:00,52443.13629066797,52631.37543224248,52337.692534332484,52499.175692254335,9698.296810107093
2018-03-20 05:00:00,52536.94888477964,52762.44347109976,52429.02212184031,52578.78675412638,12455.047189398276
2018-03-20 06:00:00,52635.83453013051,52658.78434678317,52552.963648427474,52556.249613798616,11305.954171548685
2018-03-20 07:00:00,52739.987317443614,52790.10351976235,52650.23379417311,52706.418173893355,12151.825322873752
2018-03-20 08:00:00,52839.05124974874,53027.64075540005,52817.14247810499,52859.8437287374,12122.346437886546
2018-03-20 09:00:00,53180.43858958366,53289.647840154576,53139.021285203125,53244.22293039176,13440.449610976702
2018-03-20 10:00:00,53191.137848367,53298.932661174935,53148.09148177048,53239.443409378524,8796.102907955683
2018-03-20 11:00:00,53143.97672885583,53184.813540724535,53040.54859654528,53051.98236566847,10550.191275538316
2018-03-20 12:00:00,53131.516455078905,53162.56320088603,53104.43089704179,53116.631265667704,12563.83700894999
2018-03-20 13:00:00,53072.2437829663,53189.26494471857,52862.18185786244,53124.195997339615,14648.270808876307
2018-03-20 14:00:00,53265.93357182298,53340.23518530464,53198.0859318859,53310.18478330148,13776.58498047341
2018-03-20 15:00:00,53016.14302097525,53027.65047622161,52922.41308150062,53010.07463655317,10812.783390095548
2018-03-20 16:00:00,52626.69518395163,52742.2630762756,52618.319166872614,52639.91400517238,13581.518665736588
2018-03-20 17:00:00,52234.46054141649,52334.078697598365,52194.59195262701,52276.29321977339,12332.22619538944
2018-03-20 18:00:00,52264.340621960764,52329.75185298004,52218.59429950533,52242.61799899801,12400.035735579888
2018-03-20 19:00:00,52132.903811692035,52138.36450072089,51983.28049706944,52092.201147346954,10637.444179861448
2018-03-20 20:00:00,52172.12665096625,52184.28485476816,52145.10874877589,52174.245250456544,11966.253444604827
2018-03-20 21:00:00,51990.5021658967,52183.871796571795,51844.968026336835,51916.07353803472,10830.31567262318
2018-03-20 22:00:00,52086.268703457754,52279.85164302784,51951.49639648161,52004.30095297128,7171.699721961322
2018-03-20 23:00:00,52027.610291050245,52193.14089290294,52000.92981538603,52013.479082610764,12879.245232996283
2018-03-21 00:00:00,52114.85657352811,52284.46886880823,52086.19316286237,52137.54934787804,8314.216369138345
2018-03-21 01:00:00,52401.77819717855,52535.55106226396,52351.45001664958,52410.27191601358,11483.931415521785
2018-03-21 02:00:00,52454.41768234862,52502.172402058015,52413.24557851901,52456.78055176226,9332.906125730226
2018-03-21 03:00:00,52270.51361847861,52346.532507011216,52198.751230202055,52205.63105621884,13997.256288578807
2018-03-21 04:00:00,52221.30791560435,52239.64533230618,52045.43959615181,52152.32586625115,14326.472345187529
2018-03-21 05:00:00,52355.26812677369,52437.75669068619,52312.99612371237,52361.60498219395,12492.468263107176
2018-03-21 06:00:00,51810.52983206847,51964.995736415345,51784.6602606472,51863.42021717591,11373.576130799735
2018-03-21 07:00:00,51681.94295359106,51805.000723853416,51565.912401944835,51586.61774523973,10271.547457646013
2018-03-21 08:00:00,51904.34754757241,52003.356155161804,51576.64636931983,51801.65230261256,9339.767607688547
2018-03-21 09:00:00,51573.069685823924,51680.08016365245,51554.956857601646,51634.46001844834,10726.487977750425
2018-03-21 10:00:00,51868.02404870937,52026.290237779576,51742.33297268742,51804.18427056294,12476.258469421507
2018-03-21 11:00:00,51668.576078468,51815.188033542654,51535.32281355655,51709.85119590015,10457.156345976011
2018-03-21 12:00:00,51750.700590885164,51861.517470115905,51691.82102685219,51780.4132231431,13535.515088202654
2018-03-21 13:00:00,51791.70036273334,51868.97606080596,51691.99834036533,51756.95746282182,7303.7242124194
2018-03-21 14:00:00,51837.97880263009,51895.604598300866,51810.748036668025,51834.23179168938,10225.23014215871
2018-03-21 15:00:00,52176.31883473419,52329.95672739654,52116.35761522298,52253.25412567329,10395.59848806724
2018-03-21 16:00:00,52147.65726491204,52249.2120813703,52002.61965367355,52189.58816880174,11846.024590243991
2018-03-21 17:00:00,52162.27371672246,52267.75030437881,51937.31351728403,52213.77950343569,10314.749677168833
2018-03-21 18:00:00,52108.61010871639,52188.89812326508,51822.5026205685,52137.8640975741,11729.063694540284
2018-03-21 19:00:00,51880.45393114394,52042.407573649914,51768.18278344485,51964.129852946244,10390.395703009237
2018-03-21 20:00:00,52197.87579411654,52431.76020349717,52169.76137204981,52271.53767078925,13069.077255218663
2018-03-21 21:00:00,51966.155632543894,52026.54025757607,51731.05210518894,51944.97819805231,12437.302408232996
2018-03-21 22:00:00,52113.46324667379,52260.28546198252,51995.01397506568,52129.71654022896,11185.61226629097
2018-03-21 23:00:00,51987.563944224785,52042.097619067434,51928.32318768296,52038.18814513185,10416.481650126845
2018-03-22 00:00:00,51648.818715035864,51668.468324436784,51544.20954658185,51583.37417149534,12542.885099161918
2018-03-22 01:00:00,51755.116636926614,51945.61438656628,51607.443844315676,51900.537352998625,11898.398912238094
2018-03-22 02:00:00,51962.70342370779,52014.58793516174,51735.13678416136,51929.69034204751,10189.337255737997
2018-03-22 03:00:00,52069.61416974648,52191.64777712175,51909.94792652736,52016.796713401425,9833.829878636261
2018-03-22 04:00:00,52068.24865112633,52113.79176949178,51975.37163823996,52094.811480475895,8791.374660880636
2018-03-22 05:00:00,51965.34781070516,52214.946071189064,51866.04262602712,51955.737942987966,14672.240994794454
2018-03-22 06:00:00,52369.80423558117,52406.13231547947,52297.31759763651,52374.90089745538,10877.235445401195
2018-03-22 07:00:00,52078.84173657424,52238.73594822996,52015.19253206163,52082.81247901693,10566.69625281971
2018-03-22 08:00:00,51750.36651018205,51777.74055844498,51724.42512278237,51731.01589835398,10609.711309600141
2018-03-22 09:00:00,51698.95849366406,51701.93807024298,51640.472692922645,51673.02379094736,11386.969071418187
2018-03-22 10:00:00,51942.95226351329,51962.98789053769,51750.175054355306,51907.810981870905,11756.483352301811
2018-03-22 11:00:00,52213.02848794128,52405.37283462274,52045.1813005103,52181.35739877252,11243.317234416805
2018-03-22 12:00:00,52187.80100647674,52223.80883169034,52149.4325758216,52173.12218476668,9934.623080582434
2018-03-22 13:00:00,52435.705140433136,52481.78855493152,52338.706865733475,52441.66188988236,11483.796420467555
2018-03-22 14:00:00,52503.91869805777,52611.78819722576,52315.4615101648,52483.53280210468,12126.064344511808
2018-03-22 15:00:00,52743.64473001565,52965.67209218858,52713.69572198182,52797.83397817349,10987.286771808507
2018-03-22 16:00:00,52643.52806457884,52820.654239868265,52561.866754068025,52716.51502955855,9596.34798367232
2018-03-22 17:00:00,52828.65130823732,53089.59737623479,52826.73529298326,52928.31444820352,11527.911972208734
2018-03-22 18:00:00,53017.58015917436,53301.9747683336,52993.415535170265,53033.58561541249,10584.5849262151
2018-03-22 19:00:00,52873.71965436942,52938.75022993251,52739.90952280173,52867.169051753735,8319.288324007608
2018-03-22 20:00:00,52841.386000097926,52903.42786767748,52817.100330358226,52817.792101651154,11976.363145157784
2018-03-22 21:00:00,52731.54522111256,52836.23084851257,52507.90263351465,52649.52224439905,9064.81451338984
2018-03-22 22:00:00,52467.22210180391,52602.03429592586,52396.962680012686,52431.67500062968,11818.467913550194
2018-03-22 23:00:00,52433.99081353486,52545.759392686654,52358.054789302696,52420.41982127471,9896.218593543206
2018-03-23 00:00:00,52367.42048225294,52378.21636339188,52352.463097262764,52354.97404380903,9648.871720441839
2018-03-23 01:00:00,52294.974376496066,52438.79447056401,52246.48399230906,52294.86018591854,11697.823782259124
2018-03-23 02:00:00,52090.43870027595,52222.70812393298,51900.690434514996,52030.26145454997,13443.71533949025
2018-03-23 03:00:00,52024.744621727565,52076.42091003373,51906.97845270149,52002.98061721969,11730.9692339276
2018-03-23 04:00:00,51775.82750657808,51987.62031973373,51756.36582458235,51836.22718216139,12030.448541203525
2018-03-23 05:00:00,51967.66148773477,52094.06040230452,51896.769823308736,51973.7934127725,13074.227550131465
2018-03-23 06:00:00,51883.08004425157,51994.69616452948,51840.71924094704,51875.64016284933,10176.16778897766
2018-03-23 07:00:00,52135.72833419044,52187.41631531898,52082.23227941522,52095.429513232324,10007.990767926869
2018-03-23 08:00:00,51757.83290914885,51822.786563821785,51724.16345562589,51802.25035655058,11267.38622646675
2018-03-23 09:00:00,51790.59769390857,51797.17944034021,51669.542696909964,51742.31866426037,7807.204762035466
2018-03-23 10:00:00,50947.5436462069,51092.72026686408,50911.447802047405,50933.08944520154,10456.225326155709
2018-03-23 11:00:00,51279.54440684065,51296.55475750064,51173.23423937758,51259.0409671466,11663.29565631027
2018-03-23 12:00:00,51222.58861134719,51336.27715987161,51134.68391291971,51167.7635842617,8214.37437055464
2018-03-23 13:00:00,51221.94677454982,51393.68934820807,51051.77229235637,51212.06337678428,9918.403083463138
2018-03-23 14:00:00,51400.37869478841,51418.91419062707,51284.89051157607,51383.14903822785,9936.526973435428
2018-03-23 15:00:00,51638.95468847905,51680.38306802595,51627.05827869839,51641.61470641673,8870.446072550423
2018-03-23 16:00:00,51863.17680284107,52102.33210472011,51731.801131900334,51837.09070008085,12480.631258160865
2018-03-23 17:00:00,51575.85006678924,51676.578381642736,51354.02542702026,51567.73606051745,10631.121546365106
2018-03-23 18:00:00,51418.022034120855,51493.782215647334,51302.77514942853,51454.140643673185,10760.098312587521
2018-03-23 19:00:00,51504.89264802528,51505.07842682783,51386.80573511344,51499.00586088153,12995.200283101207
2018-03-23 20:00:00,51582.750916499404,51665.95488711098,51515.032880747414,51562.389883154254,10682.958444120599
2018-03-23 21:00:00,51162.0461396226,51310.130387638535,51108.57967649933,51248.55546035648,9824.352698126106
2018-03-23 22:00:00,51000.685305415114,51088.75213007538,50964.59120620454,51042.2687094414,14897.938613971803
2018-03-23 23:00:00,51312.67180714792,51432.59776857239,51157.74234222829,51260.141740899955,8799.74369302297
2018-03-24 00:00:00,51103.85895916635,51159.78618317168,50908.023629706724,51035.751435855695,10224.206839604336
2018-03-24 01:00:00,51003.27985673155,51028.878507010966,50905.13639228234,50989.593572996266,12234.18150652468
2018-03-24 02:00:00,50853.82568692633,50931.635274044704,50788.54753932968,50861.77417867329,9975.167437553951
2018-03-24 03:00:00,50940.95915384385,51023.92741870584,50884.33907466035,50984.69041431114,14697.366394584755
2018-03-24 04:00:00,51134.8620453767,51189.146976885844,51001.002070620074,51110.7050938349,11208.074129623834
2018-03-24 05:00:00,51123.61036167065,51135.5229862282,51068.364328475036,51107.17508426143,10439.359049181438
2018-03-24 06:00:00,51058.943089743305,51154.42020315191,50916.91410777599,51121.711787822125,11573.855011330861
2018-03-24 07:00:00,51216.91959897283,51356.315150315066,51006.559083089895,51119.98979643792,14082.88054029729
2018-03-24 08:00:00,51119.54014405584,51254.579182773065,51073.76808953119,51131.94388625517,11980.027765149433
2018-03-24 09:00:00,50903.50446580486,50944.80864197635,50877.444198173114,50910.64598648136,8985.349564002841
2018-03-24 10:00:00,51215.002334075536,51252.20240825189,51145.99384693368,51168.14133338228,10754.440129500292
2018-03-24 11:00:00,50988.78137626795,51038.97507267143,50824.304990782584,51011.401332284084,12703.912954994787
2018-03-24 12:00:00,51223.60600463432,51338.07304160197,51200.41501173788,51204.66408788293,12746.879227304084
2018-03-24 13:00:00,50981.94032323104,51218.7625730641,50841.3101784352,50949.50825036566,13545.252444011578
2018-03-24 14:00:00,51045.91392631407,51119.200873097354,50915.38011189657,50996.55273364629,12177.898641309373
2018-03-24 15:00:00,51125.43346644351,51180.5246832037,51039.13878787687,51058.24044318251,11171.831674444933
2018-03-24 16:00:00,50862.05246283129,51036.909120518525,50744.0365070779,50850.512857105394,11083.947259818739
2018-03-24 17:00:00,50704.762652459736,50770.91311067158,50634.966561903806,50747.104697519724,11985.930161727609
2018-03-24 18:00:00,50563.61097633696,50672.91261200873,50490.56199002352,50606.42602044015,11107.837593343107
2018-03-24 19:00:00,50649.80841869412,50736.750884414396,50506.10971284742,50634.00746238754,7559.913214531122
2018-03-24 20:00:00,50612.62676005504,50817.321845998194,50336.582606747914,50521.61064327176,10652.63353803076
2018-03-24 21:00:00,50046.45922385009,50225.60064168524,50026.63345614092,50163.995426629765,13341.125721900726
2018-03-24 22:00:00,50352.08169866322,50441.69277187433,50243.901478656306,50340.63398281587,11457.429836728585
2018-03-24 23:00:00,50503.294509288,50607.795720193455,50417.81499453918,50483.51096728755,11766.63974078254
2018-03-25 00:00:00,50230.403463057984,50339.05229857063,50206.84464684698,50269.831145799086,13860.465142945623
2018-03-25 01:00:00,50348.59824667572,50374.13954940656,50342.21571673286,50373.1113737163,9688.897436164922
2018-03-25 02:00:00,50226.954387988655,50311.86539466049,50131.14070387072,50191.75040150443,13727.572569782844
2018-03-25 03:00:00,50169.34647225804,50259.74371973987,49984.048095968894,50085.489800880074,7832.07401213135
2018-03-25 04:00:00,49973.497115572354,50051.274911047396,49949.120949037184,49998.682568794306,8852.647932165553
2018-03-25 05:00:00,49904.09496029517,50099.96276712143,49806.18844306344,49922.63932479679,9612.53546489464
2018-03-25 06:00:00,50221.02984763161,50287.53944114395,50060.919612664184,50211.41683592914,13149.586069425186
2018-03-25 07:00:00,50374.38116085753,50546.45019218543,50324.4333929745,50475.248118901305,12159.899216368729
2018-03-25 08:00:00,50325.40403961899,50400.92838270274,50314.29037396733,50340.78312183241,13154.921356631443
2018-03-25 09:00:00,50238.26991681911,50316.80962193312,50102.9591988735,50188.040696946766,12473.470313017784
2018-03-25 10:00:00,50418.521133470924,50551.20225233815,50328.685671915475,50375.63082081939,12481.379465605978
2018-03-25 11:00:00,50332.420741570444,50432.706480423796,50260.46478215307,50386.520388055884,14230.14472710598
2018-03-25 12:00:00,50731.02443646024,50869.11496525597,50693.82656316856,50700.396457445095,12377.787489875029
2018-03-25 13:00:00,51015.136571440555,51041.17338825272,50828.73513996825,51002.61549656808,10850.35965370131
2018-03-25 14:00:00,51221.54361530144,51273.2123297249,51117.752609288895,51173.15257163568,7441.721175894338
2018-03-25 15:00:00,51058.80014345251,51106.30964186021,50995.63465263571,51074.34435820037,14574.217539826712
2018-03-25 16:00:00,51091.059310292934,51128.62834343635,51078.34941128617,51102.13476739079,9509.071231372882
2018-03-25 17:00:00,51152.309186844475,51173.761039556746,51082.47192538187,51129.25948592071,11780.745696827364
2018-03-25 18:00:00,50801.76642466469,50869.94390357834,50658.162622215605,50769.432887899726,9011.986709861007
2018-03-25 19:00:00,50848.693842416,51031.10391815554,50800.07864539638,50860.014006332116,8408.70536456211
2018-03-25 20:00:00,50903.13972141122,50993.29702925842,50709.65882301062,50891.00227204292,8543.582613379025
2018-03-25 21:00:00,50868.80430212225,50927.0058871023,50846.86267711685,50882.86503364402,10365.416763074085
2018-03-25 22:00:00,50738.96083955018,50896.029895942214,50692.36175357511,50795.67171067121,12651.982756031248
2018-03-25 23:00:00,50701.81973092837,50844.561314432656,50665.42418167021,50735.14437326206,9128.372195849177
2018-03-26 00:00:00,51046.01254234106,51140.82497847047,50886.04917226813,51112.849881286864,12078.361566674856
2018-03-26 01:00:00,51101.78304103021,51292.68090226683,51023.08117383696,51151.32226015966,13711.065033394903
2018-03-26 02:00:00,51005.923659155094,51315.137161285274,50905.87402566822,51064.088797125405,10795.417683501728
2018-03-26 03:00:00,51427.86762990428,51459.247413522426,51352.14616819496,51393.2730862358,9950.301708939278
2018-03-26 04:00:00,51695.18120580759,51912.569853352215,51615.18254108863,51684.80607325707,9455.211142811071
2018-03-26 05:00:00,51603.48792719032,51614.57698851133,51566.52753292349,51574.45611604419,13364.251690385427
2018-03-26 06:00:00,51529.2384698769,51598.42240780171,51424.18090592426,51433.35643120305,10493.83352827502
2018-03-26 07:00:00,51484.19883088321,51528.87015040437,51383.806716955165,51461.319540159755,8978.753580594373
2018-03-26 08:00:00,51954.00160092334,52051.84764834871,51786.95480248207,51979.158699719614,10496.697104171582
2018-03-26 09:00:00,51979.876043692675,52262.90170125947,51938.047015413904,51955.310789788484,8930.465380337793
2018-03-26 10:00:00,51971.39913186714,52114.32799682456,51942.95751236064,52025.31448424185,9105.806954714248
2018-03-26 11:00:00,51866.98567511471,52119.345690450624,51761.388947402236,51928.95643340808,8667.112352916929
2018-03-26 12:00:00,51933.508892691716,51997.38130272477,51808.79499181468,51894.43803311745,11407.228559601359
2018-03-26 13:00:00,52068.13560317663,52144.74508495452,51887.72007617157,52129.09094497367,10292.238193372057
2018-03-26 14:00:00,52094.27050736587,52186.48367470272,51947.54941495803,52138.82963596504,11138.741500486689
2018-03-26 15:00:00,52304.15901142627,52426.81541675171,52251.588493856005,52361.60722780759,13181.763294780925
2018-03-26 16:00:00,52042.696538587916,52080.95679213784,52032.073959053276,52051.48203431519,6541.774279621243
2018-03-26 17:00:00,52237.660694079146,52249.84896802629,52050.85280500404,52158.41451888535,10076.370956544291
2018-03-26 18:00:00,52578.08646980112,52645.38921956989,52492.840967585274,52530.285877391994,9809.95319805625
2018-03-26 19:00:00,52486.67792159962,52548.46330185831,52328.281641573216,52490.76814585141,13013.00864622763
2018-03-26 20:00:00,52207.065885000826,52283.9943900065,52130.77109049267,52195.374383738956,9867.379225902645
2018-03-26 21:00:00,52738.958005078144,52920.79479513791,52714.31888271645,52806.39623850668,14810.245498934935
2018-03-26 22:00:00,52618.419624096896,52745.8119381694,52616.53986737435,52632.410811843074,10397.713061845468
2018-03-26 23:00:00,52768.501373527855,52877.25079447828,52617.86430320475,52754.124925426855,11552.60550800965
2018-03-27 00:00:00,52829.63203326189,52881.31320790991,52812.49500908294,52818.3230502309,10998.904731819879
2018-03-27 01:00:00,53154.24533331372,53314.511011457726,53072.71559694553,53073.779317737506,9760.350019798578
2018-03-27 02:00:00,53031.75283419394,53102.75581470867,52998.52754407779,53010.41528275782,7555.987397498955
2018-03-27 03:00:00,52855.778680949436,53145.47342585845,52683.02359421397,52808.43593554943,11938.213983160174
2018-03-27 04:00:00,53078.55529961673,53307.97346414964,53032.86924508455,53089.09715847173,13294.375623269014
2018-03-27 05:00:00,53252.808611688844,53297.368866021796,53196.05855600344,53288.12219643949,9525.32036445913
2018-03-27 06:00:00,53430.368745791086,53590.05845530795,53312.39175238861,53494.43005425377,8317.554458061717
2018-03-27 07:00:00,53590.607611603555,53610.422927004445,53367.23352808749,53528.434172132154,12511.90017153565
2018-03-27 08:00:00,53857.215176544414,53943.62302909616,53801.67108551947,53892.04249533961,13919.372746013092
2018-03-27 09:00:00,53711.014685250804,53850.59616839007,53625.177171228686,53782.677401976565,11011.036610783409
2018-03-27 10:00:00,53718.65855951323,53775.38933118411,53582.818294339646,53665.29493164079,11088.370516350209
2018-03-27 11:00:00,53414.43039959841,53442.44451307888,53331.30447496811,53377.81906291768,10940.825926725618
2018-03-27 12:00:00,53436.8736074694,53500.0456674954,53372.393002789744,53389.094102197596,12374.602669494192
2018-03-27 13:00:00,53454.530137383976,53490.68274428364,53438.68376762654,53477.3435526931,11909.470417713563
2018-03-27 14:00:00,53380.659402804136,53611.777059832035,53280.3320034444,53401.507842034436,9630.918804034749
2018-03-27 15:00:00,53532.469178803374,53574.39058124645,53511.43165690496,53526.13435728792,13141.356761873425
2018-03-27 16:00:00,53599.48141935803,53714.53823404504,53574.473504907626,53602.8095480235,11218.661442792303
2018-03-27 17:00:00,53667.79540329024,53673.81014098242,53604.822192982465,53672.81966352026,9647.899004677018
2018-03-27 18:00:00,53386.7019673296,53555.180300404616,53368.09488286597,53461.11895140343,11185.611648402146
2018-03-27 19:00:00,53279.96856136683,53573.96075096529,53164.19330778654,53405.77673601683,11802.36773219083
2018-03-27 20:00:00,53763.33334877658,54019.09971569295,53659.54709645404,53815.93110879129,11429.728265524442
2018-03-27 21:00:00,53545.19772510401,53586.55244808428,53527.84533309688,53544.410938413814,12284.979399362248
2018-03-27 22:00:00,53540.30997425076,53629.02128630453,53453.476824754296,53568.29484044948,9823.264346347458
2018-03-27 23:00:00,53832.86125122725,54012.52453486661,53645.29118303699,53767.11956007455,14708.760857200457
2018-03-28 00:00:00,53856.25109225781,53967.949530524274,53794.35085792511,53824.00598148509,11328.104402368166
2018-03-28 01:00:00,53551.17828844747,53604.527257020214,53488.48063527527,53543.75524841098,12917.764502475646
2018-03-28 02:00:00,53352.05835420234,53582.855382088994,53336.01769786367,53380.489163405306,11360.06081716219
2018-03-28 03:00:00,53324.997911812236,53542.14184672815,53268.71855843478,53368.850072638874,8970.886057327527
2018-03-28 04:00:00,53168.65507316235,53344.69161969602,53065.706882191,53275.296554018234,12111.371535669185
2018-03-28 05:00:00,53181.627923796455,53330.37523455005,53051.44029415979,53134.45494558093,10612.301080051862
2018-03-28 06:00:00,53086.02480313704,53181.32915937756,52994.670287422305,53167.10383579771,12249.787486068737
2018-03-28 07:00:00,53743.754236199355,53957.77692982985,53678.09702850524,53716.90536468053,11220.483665674019
2018-03-28 08:00:00,53699.08879220406,53764.72464480493,53565.64646667181,53738.36149213121,9299.16429916688
2018-03-28 09:00:00,53825.14104106548,53937.86237578394,53677.71787942249,53879.86483866689,14176.686590825124
2018-03-28 10:00:00,53703.67419291721,53751.20683479516,53642.951453609014,53715.688596837725,11258.130729928347
2018-03-28 11:00:00,53893.71844674332,53979.03192667461,53823.49587486156,53841.997111853256,10736.062806721517
2018-03-28 12:00:00,54402.23904868345,54502.53759050718,54339.74316070919,54350.61199649532,10396.742350199253
2018-03-28 13:00:00,54257.11655208393,54368.6620927352,54060.53696663036,54323.907533343954,12042.337341575905
2018-03-28 14:00:00,53850.74708521004,53968.10181291955,53746.65670125112,53785.30524077241,12291.074378809788
2018-03-28 15:00:00,53577.895145253395,53763.75577830062,53548.77769808549,53603.102310524526,7634.483008481016
2018-03-28 16:00:00,53587.997743515814,53720.65590791289,53586.46122319741,53592.20946913072,10241.151839407474
2018-03-28 17:00:00,53825.41735041627,53906.15791813138,53694.595116318385,53818.91655097312,11348.591176130238
2018-03-28 18:00:00,53831.81281390244,53947.08485261416,53765.43837262846,53822.23738622688,11006.44868329901
2018-03-28 19:00:00,53851.454596276024,53874.86983909021,53691.06092690103,53783.0195556798,11016.911638236528
2018-03-28 20:00:00,54034.42189030475,54035.87222664365,54011.51532572257,54012.950243368614,9282.010472676266
2018-03-28 21:00:00,54122.994857028425,54179.511746473814,54003.224807566105,54125.17094515801,8749.611153389358
2018-03-28 22:00:00,54091.94078158129,54126.07527805227,54031.23430450593,54036.40655344964,11451.806377670264
2018-03-28 23:00:00,53995.87005487589,54115.662652340885,53821.29906847986,54077.8879621303,9813.216557401098
2018-03-29 00:00:00,53982.485790544706,54021.13935739095,53919.5289506325,54011.73967021255,11876.134703884509
2018-03-29 01:00:00,54098.88493680299,54212.594427253,54020.2736017453,54057.06921982832,10593.699263098157
2018-03-29 02:00:00,54115.3363112745,54257.476318721754,53986.9297539029,54158.295819523155,9220.029774255949
2018-03-29 03:00:00,54025.91099735639,54339.2498821148,53979.459507712956,54054.66437650841,14019.725795881042
2018-03-29 04:00:00,53730.27074978779,53857.35362662791,53639.392518439345,53783.497640191104,10517.782278514702
2018-03-29 05:00:00,53589.76020700374,53757.97082143382,53458.594593457055,53633.70453189916,12708.733697075568
2018-03-29 06:00:00,53753.7870664626,53807.221630285705,53646.34008931205,53748.80223776109,11653.392266178837
2018-03-29 07:00:00,53445.990826841364,53622.52455890622,53242.82668434351,53499.16476639609,11707.931248699666
2018-03-29 08:00:00,53725.40630984238,53882.387382435714,53659.627971959104,53738.61785862469,12024.720781886115
2018-03-29 09:00:00,53743.68095835858,53860.16081621007,53637.72711504129,53756.71026563543,9607.194957996817
2018-03-29 10:00:00,53547.1778192861,53663.685020421646,53469.35589428252,53542.62814354544,9729.639987991044
2018-03-29 11:00:00,53409.931753284385,53498.81975604882,53276.69494756914,53489.49065483555,11243.884470170171
2018-03-29 12:00:00,53893.74143565618,53977.57153873983,53813.90358691234,53821.9430612521,11040.500698841792
2018-03-29 13:00:00,53967.92497752868,54192.34200251893,53914.82010176775,53989.0709098385,8964.07646611705
2018-03-29 14:00:00,53784.00196422454,53794.2343574269,53632.095799056755,53783.989919407795,11297.884815439653
2018-03-29 15:00:00,53933.606228693316,54131.944782067396,53765.31495082921,53994.53050202574,14811.183459867716
2018-03-29 16:00:00,53916.25695344592,54120.27968996329,53901.707660400905,53908.40697311878,11411.267919892745
2018-03-29 17:00:00,53862.177086507894,53994.54844644358,53740.39183654283,53892.52294637361,11055.45284299631
2018-03-29 18:00:00,54198.8079567672,54274.51323847575,54110.39948510018,54227.35770374538,8078.645068393585
2018-03-29 19:00:00,54026.085239839915,54152.71524455126,53770.52049128219,53966.85742486497,14363.348938531564
2018-03-29 20:00:00,53678.55737894201,53685.97416590538,53366.990534025375,53668.67593461986,10518.829358297944
2018-03-29 21:00:00,53786.67272292146,53883.86746555772,53725.95337653352,53767.62234990093,12282.507995765889
2018-03-29 22:00:00,53546.42422764853,53761.230119271,53389.84265424538,53622.05639098907,12817.25474220415
2018-03-29 23:00:00,53314.48554649716,53342.84076969984,53288.93699621208,53299.87930936448,13454.49313135946
2018-03-30 00:00:00,53241.614551697625,53245.614418648634,53192.89423056634,53209.07180029596,15139.944423895653
2018-03-30 01:00:00,52973.163899458596,53042.707764615356,52854.223924491154,52904.96242813985,13932.773331394901
2018-03-30 02:00:00,52489.109527684195,52643.44142971197,52445.84973943982,52516.51089202534,8996.48461786308
2018-03-30 03:00:00,52600.300307363024,52660.54647357722,52559.41438365306,52610.10874747388,10516.481076911485
2018-03-30 04:00:00,52530.392595292775,52581.574762060896,52151.31356289715,52383.64646299276,9484.2223585015
2018-03-30 05:00:00,52163.786659662306,52197.3439010892,52079.164946792334,52120.727349257875,10333.95956149296
2018-03-30 06:00:00,52045.78107073727,52073.54829484694,51958.82990854114,52065.093633378136,11604.935742509624
2018-03-30 07:00:00,52197.91348597939,52290.24558563895,52141.78393144583,52171.85057326567,11645.926530822053
2018-03-30 08:00:00,52387.68465050535,52512.268465134184,52263.4292769885,52422.54805209872,11329.24621451646
2018-03-30 09:00:00,52060.5085725364,52071.87786860101,51918.37444348803,52036.459709537194,9790.548841163018
2018-03-30 10:00:00,52055.09259428414,52199.09110261113,51926.010263726705,51996.74167745331,11327.206218656887
2018-03-30 11:00:00,52080.02943647664,52107.37933260956,51927.157706967824,52060.576824647505,7598.533729481218
2018-03-30 12:00:00,51998.76413778234,52046.31438809133,51834.86211447583,51975.48272172057,13156.805707762316
2018-03-30 13:00:00,51986.20448762882,52060.445127838255,51822.05588373138,51918.71684060671,14258.940461157788
2018-03-30 14:00:00,52179.14455713851,52213.76842212509,52014.12183109117,52173.62613269261,11558.971348245566
2018-03-30 15:00:00,51902.29692064493,52067.19810451256,51854.50608154586,51943.49510716368,10949.655053923432
2018-03-30 16:00:00,51971.71416065544,52114.154070264456,51950.072592345445,52002.94227255116,9582.099620122066
2018-03-30 17:00:00,52154.821931972176,52189.782411304695,52014.83870677779,52052.61387450553,8250.569558986332
2018-03-30 18:00:00,52021.75106788021,52062.07634116733,51836.30081275307,52009.532565907786,9468.98229889382
2018-03-30 19:00:00,52389.751883256824,52482.653495426035,52244.34232161009,52314.73250433572,8878.568987413688
2018-03-30 20:00:00,52624.11611920223,52724.06420819185,52430.74767742501,52611.213963537135,12219.746783464798
2018-03-30 21:00:00,52657.051444848155,52753.3999262675,52605.307398641446,52612.229557009414,9918.506649627354
2018-03-30 22:00:00,52775.77149547446,52871.07572711196,52678.64800765753,52778.94638657347,8341.104050637714
2018-03-30 23:00:00,52731.937855624776,52750.69247551867,52618.04500042951,52673.854814884326,12448.740688724143
2018-03-31 00:00:00,52506.095490073596,52524.95886908008,52419.27908337989,52501.0894967873,8160.988932344899
2018-03-31 01:00:00,52239.447837991174,52352.33620433713,52112.87923022014,52325.16931949022,10090.195022623651
2018-03-31 02:00:00,52266.42131700109,52378.119839841725,52211.6485622857,52220.899083816876,12232.486737289806
2018-03-31 03:00:00,52070.20466122803,52293.97181419237,51944.34705834938,51998.55199118289,7248.2030815829585
2018-03-31 04:00:00,51916.83972581718,51960.60385623927,51753.02710345431,51885.04325749308,12058.683075984558
2018-03-31 05:00:00,51742.684876058585,51835.183537393146,51722.121207951466,51741.01546198559,10001.732167221408
2018-03-31 06:00:00,52096.740546781744,52245.861041322074,51786.77251200594,51986.73598663872,10558.689640667506
2018-03-31 07:00:00,51675.973338475815,51753.37734377432,51519.17008131244,51673.58541922616,11362.510205687506
2018-03-31 08:00:00,51534.08863818615,51638.949212013176,51526.74119017829,51636.24500645539,12150.12226558294
2018-03-31 09:00:00,51470.09021532093,51644.704197008155,51234.22412036086,51492.49215792686,9004.705236565791
2018-03-31 10:00:00,51188.85693975977,51241.90231996444,51116.54188470568,51171.62682383151,9228.056516884619
2018-03-31 11:00:00,50588.71145839014,50689.91625210431,50470.85812076152,50512.52287718813,8381.194102479241
2018-03-31 12:00:00,50718.700604251506,50802.52495123781,50671.64607146579,50711.427118164305,14020.723859824766
2018-03-31 13:00:00,50689.947415502844,50794.615656758644,50497.874977719155,50699.16115341341,10711.93038755718
2018-03-31 14:00:00,50823.52677807058,51052.079825733665,50653.466286868475,50767.70340012222,9954.66603699839
2018-03-31 15:00:00,50762.17163347288,50781.89108249678,50720.73994913673,50769.53492654045,9374.072400597603
2018-03-31 16:00:00,50983.86661631954,51016.47918730735,50798.6068770868,50961.777109598035,13801.54886402918
2018-03-31 17:00:00,51000.08047723395,51316.03349116288,50919.01498002187,51154.49321908539,14611.535547883286
2018-03-31 18:00:00,51491.40144497015,51581.88778421456,51271.585108215804,51410.25844001311,14589.422733321991
2018-03-31 19:00:00,51376.45865774357,51489.003746555056,51336.39060981259,51457.36149320085,11134.797651868805
2018-03-31 20:00:00,51119.839067438144,51279.255233179894,51037.25603521751,51203.35520241015,13844.611587481344
2018-03-31 21:00:00,51447.98575663135,51456.301353545416,51214.576798684546,51393.64071855141,10180.60295441113
2018-03-31 22:00:00,51317.49484643208,51348.63141831813,51272.18973392524,51343.015019729275,12535.427338838295
2018-03-31 23:00:00,51190.82322501509,51337.99623414786,51186.34808260407,51288.464120986486,13201.054259840135
2018-04-01 00:00:00,51200.76976033495,51230.47520785394,51170.047396399415,51174.54057562664,12674.959974784264
2018-04-01 01:00:00,51012.4677572397,51043.041203597364,50947.15685133769,51041.82632410638,11914.42212389828
2018-04-01 02:00:00,50910.286469818784,50920.486118529596,50876.88893090357,50898.76786448201,10172.46548888653
2018-04-01 03:00:00,50837.15646693923,50857.70225351463,50831.8489114739,50832.2760973205,14069.65224172355
2018-04-01 04:00:00,50630.12120611475,50792.7283482772,50592.44414538779,50633.37206075231,8992.556234521735
2018-04-01 05:00:00,50560.71774126476,50607.95126844606,50504.818730160885,50579.53658241886,9928.449744150832
2018-04-01 06:00:00,50887.04202011,50944.142456674555,50847.04427272116,50872.56537745733,13961.63891408734
2018-04-01 07:00:00,50792.22120429485,50896.88819147907,50736.43849691173,50827.25524315296,9929.9040996319
2018-04-01 08:00:00,50512.782268744566,50653.50950804652,50453.01847264133,50569.63265467753,10313.772882908828
2018-04-01 09:00:00,50594.43464828186,50725.4749575151,50501.745082601505,50530.25677423984,9864.445680769864
2018-04-01 10:00:00,50392.950590596534,50413.58219360538,50319.137475577736,50358.06374422512,9535.403764752406
2018-04-01 11:00:00,50221.614703323154,50353.741570833954,50105.650155111274,50205.5460070652,10039.079641133147
2018-04-01 12:00:00,50110.91917913644,50179.247063480085,50078.01425068847,50178.00606723178,10909.85492205836
2018-04-01 13:00:00,50484.87410927391,50565.11064701666,50404.09560771387,50475.90463965995,12071.236134644783
2018-04-01 14:00:00,50754.94401034718,50824.85516392536,50678.762345954594,50740.63930974134,13554.315944043537
2018-04-01 15:00:00,50381.07532857584,50480.19868803852,50212.67979785555,50347.4825346824,9405.79726878845
2018-04-01 16:00:00,50142.09111441906,50227.004663529995,50117.761889705434,50178.66083049968,12558.214372101265
2018-04-01 17:00:00,50355.981131884,50483.348942362354,50223.46213238645,50398.205911037745,12164.13908375356
2018-04-01 18:00:00,50441.29519786135,50444.30188057812,50364.53435489617,50417.4307787865,10395.079946289667
2018-04-01 19:00:00,50397.91792177605,50543.592138128784,50329.67801433604,50474.16146702578,10326.097940227555
2018-04-01 20:00:00,50262.793547606074,50441.94388796944,50207.635110077055,50289.62525660676,10851.47566595949
2018-04-01 21:00:00,49907.42370988865,49982.74862358435,49853.22205716457,49949.12273155052,9745.505371751426
2018-04-01 22:00:00,49953.874965390656,50097.37770748099,49881.77361219587,49936.71683257209,9559.472093106722
2018-04-01 23:00:00,49933.86388578557,49988.271373004514,49831.63331292827,49935.632612918234,10485.764213433926
2018-04-02 00:00:00,50194.335414923444,50432.89768703379,50168.2623517727,50262.77698330337,11063.66855075955
2018-04-02 01:00:00,50008.206138874484,50097.14375261043,49903.61947955039,50046.80570952064,10623.94767673243
2018-04-02 02:00:00,50060.30818380298,50177.04623794203,49957.566224480746,49967.82866877435,11446.123307423284
2018-04-02 03:00:00,49790.57474909023,49830.24061090916,49508.37600869023,49756.400685024986,12187.729301788217
2018-04-02 04:00:00,49484.685475847604,49604.741317429936,49450.327122314,49536.588672375714,12651.9898709927
2018-04-02 05:00:00,49746.751701539186,49857.83090049769,49671.58825972491,49778.85550217481,15019.608650837918
2018-04-02 06:00:00,49694.30445295743,49778.167569838486,49611.98269166488,49643.36601855881,9793.02230944997
2018-04-02 07:00:00,49508.93269836935,49638.054215029406,49474.314534580946,49615.78466243279,11240.298954310469
2018-04-02 08:00:00,48966.12193317654,49101.52884616042,48937.55911940567,49028.17377674458,11520.810030157372
2018-04-02 09:00:00,49028.36741819321,49128.99739466615,48937.44247414748,48997.24213881863,11854.535788711804
2018-04-02 10:00:00,49064.755168166565,49253.3712681866,49016.358116755066,49073.68856358764,9256.995446143594
2018-04-02 11:00:00,49161.848968447186,49219.67398068191,49017.86256630804,49124.883310355435,11687.660670288818
2018-04-02 12:00:00,48681.62780374471,48721.16012408989,48614.757747572294,48667.04365454157,12699.586712453265
2018-04-02 13:00:00,48788.57906750207,48806.01677743693,48646.60225689426,48707.46884619615,12448.896632547225
2018-04-02 14:00:00,48728.85756844222,48786.81303902467,48649.78781099963,48690.93831664988,8637.520357394638
2018-04-02 15:00:00,48756.24350287014,48871.23638629744,48663.26966346507,48740.39060914272,10487.36799803462
2018-04-02 16:00:00,48534.12680292809,48641.94567356154,48439.855105591094,48513.12787599946,12952.059544743117
2018-04-02 17:00:00,48451.81674546982,48545.87759133632,48446.40017475566,48474.43583670284,10858.536567256126
2018-04-02 18:00:00,48510.66076809429,48529.9002997252,48435.30488464564,48516.933884268685,12694.914224392684
2018-04-02 19:00:00,48525.742919591925,48606.76119383495,48396.47877321978,48534.20941803023,13354.335546588818
2018-04-02 20:00:00,48565.317567260296,48718.556997598906,48475.71638529591,48644.3119333484,11223.877020141674
2018-04-02 21:00:00,48968.31026387289,49107.069172084426,48921.9444996848,48957.70016861319,11440.815143082913
2018-04-02 22:00:00,48870.01771165659,49033.01537384831,48745.241410886236,48842.00394868103,9419.380933510185
2018-04-02 23:00:00,48646.48127375571,48694.14909306117,48630.53261597588,48652.01907874965,9663.21350160972
2018-04-03 00:00:00,48500.94665443917,48577.781714109464,48396.6675612844,48555.96261630111,10992.326712241023
2018-04-03 01:00:00,48796.224040268775,48853.610207058286,48707.12748126372,48725.30916013599,14908.147149912491
2018-04-03 02:00:00,48927.28645164613,49047.19743974113,48927.2316538349,49009.249742722524,12487.615599545772
2018-04-03 03:00:00,48824.62878877751,48931.73008243151,48768.780390853826,48865.65680333486,12467.583500256225
2018-04-03 04:00:00,48606.93719274906,48811.24457790188,48509.03136717245,48637.21940160387,13287.854178976053
2018-04-03 05:00:00,48561.54629955122,48620.05092562506,48418.34004701291,48576.01949370452,11735.499345615051
2018-04-03 06:00:00,48364.49256959857,48550.95297986334,48357.4101264774,48442.91305069782,9820.41045823857
2018-04-03 07:00:00,48456.30693252668,48585.71887985017,48342.237720520716,48483.11441086637,13812.238116871813
2018-04-03 08:00:00,48742.145587983,48794.78231881294,48616.09715143406,48657.94214560104,13382.013660481887
2018-04-03 09:00:00,48664.68378113113,48668.8518508628,48367.18196311296,48653.9389591198,13888.523022130736
2018-04-03 10:00:00,48768.008270495935,48774.03366152739,48735.993917215244,48751.92876012902,9924.897915476755
2018-04-03 11:00:00,48810.72017311609,48892.79212914188,48755.898562058705,48874.60408720163,10642.395559118775
2018-04-03 12:00:00,48901.026509242285,49044.10545877377,48877.875088821274,48949.55188350886,12221.389378317894
2018-04-03 13:00:00,48610.26634884533,48663.07668807411,48566.16909589361,48584.90402638868,8588.867737582932
2018-04-03 14:00:00,48468.61186062854,48471.7975448643,48384.760642439964,48421.830304063245,10790.320965264138
2018-04-03 15:00:00,48540.37787829738,48547.66155619806,48412.9469451281,48519.005523405,12746.832746432
2018-04-03 16:00:00,48604.311295884705,48668.20857414178,48571.10923781255,48601.657072739574,12909.440129250706
2018-04-03 17:00:00,48729.298475465504,48884.912174969,48660.9556787554,48778.96784978568,12757.049642120459
2018-04-03 18:00:00,48492.97930273474,48528.14089196018,48361.12785367643,48473.843894678845,11324.609643194997
2018-04-03 19:00:00,48169.569406232586,48329.80727725101,48117.744347786684,48215.82549760546,10670.777178636932
2018-04-03 20:00:00,48064.0475532022,48191.44432696799,47864.257051693356,47993.465387856595,13133.293456590813
2018-04-03 21:00:00,48134.898101479776,48201.30623453091,48011.92584277731,48168.315670431286,12639.63266306075
2018-04-03 22:00:00,48136.75778066198,48274.33165899332,47898.23955679688,48156.469196967424,9130.626457335638
2018-04-03 23:00:00,48353.744394156325,48389.6127163004,48290.34737840202,48373.23074854517,14250.203980609276
2018-04-04 00:00:00,48584.7418101962,48820.97072827834,48355.459311096136,48632.02843374892,15084.184900987017
2018-04-04 01:00:00,48609.28347251307,48764.882185395385,48598.78545330548,48671.119557810576,10796.633978408101
2018-04-04 02:00:00,48864.02380105951,48979.91117713049,48815.964579969615,48847.690366957715,12190.075271590424
2018-04-04 03:00:00,48962.656988870796,49054.062724761876,48914.4193506727,48949.83132175244,11321.60559539433
2018-04-04 04:00:00,48269.628491443465,48365.12249735059,48231.940099657746,48291.342703050825,10160.790694909198
2018-04-04 05:00:00,48140.83908367842,48193.64604806806,48013.191981780605,48092.58462457293,7892.814868475799
2018-04-04 06:00:00,48050.66013461998,48091.09429093993,47991.459074346465,48064.12342466909,10377.012310795973
2018-04-04 07:00:00,48137.61977339035,48401.313771479305,48091.03785317584,48229.87635765288,10923.802587811617
2018-04-04 08:00:00,48336.95454248079,48471.58651080387,48325.249707137446,48407.23384649662,13458.00866677792
2018-04-04 09:00:00,48422.4340638134,48479.531763925654,48353.5241784205,48400.65112468633,14019.031267354021
2018-04-04 10:00:00,48591.8492980792,48661.45976425612,48535.72406442848,48595.8077175987,11911.857809055096
2018-04-04 11:00:00,48868.29699204841,48880.72504020276,48751.71673467263,48814.38259484582,10310.429141912371
2018-04-04 12:00:00,48623.47922115516,48644.00629535646,48461.895523752035,48636.586477509605,12548.598606950096
2018-04-04 13:00:00,48231.22970446867,48376.10465944963,48075.535881820964,48100.64525792224,11016.967449014792
2018-04-04 14:00:00,48132.9681051975,48179.89645426026,48119.10581252977,48161.342860643344,10830.309108984262
2018-04-04 15:00:00,48135.39821822234,48202.522980965754,48119.66297347973,48198.70856176298,11231.929318440645
2018-04-04 16:00:00,48214.3061125016,48248.40833757865,48137.61163506831,48159.50744247134,13335.135561065981
2018-04-04 17:00:00,48156.950237038734,48166.233417307994,48027.474196847346,48146.624554619215,10536.095789144669
2018-04-04 18:00:00,48391.175390568365,48479.37779968544,48325.42405806257,48396.18864985955,10451.59789923982
2018-04-04 19:00:00,48386.300744690896,48519.233078944715,48341.82354427183,48518.72797357289,9086.134364243699
2018-04-04 20:00:00,48386.00857134094,48418.430059069426,48253.689631589834,48413.783711283206,11569.292804467485
2018-04-04 21:00:00,48694.45472697434,48773.24124538781,48574.21060321508,48680.77890892521,13225.681121931519
2018-04-04 22:00:00,49022.88763460487,49117.85168366001,48946.07213771808,49047.37218080771,12274.879195383319
2018-04-04 23:00:00,49294.96037252667,49296.081330933994,49160.06837645279,49202.0038898636,9235.301147329745
2018-04-05 00:00:00,49608.01135815793,49655.30255657439,49573.608213094776,49624.712303049986,9839.187454440193
2018-04-05 01:00:00,49456.486978499895,49617.56684782654,49378.80884750493,49482.40112389614,14508.133600605714
2018-04-05 02:00:00,49676.436247243706,49793.395321799326,49448.42520630175,49630.48317557842,7811.439407401081
2018-04-05 03:00:00,49349.11097478596,49435.2047142062,49319.44531036273,49388.80592669258,10195.440404949126
2018-04-05 04:00:00,49436.345801941825,49507.814423726035,49219.506216941314,49434.60098838361,9212.836330318343
2018-04-05 05:00:00,49316.27909385695,49439.91667203731,49267.86959649134,49328.46714373741,8964.222700725944
2018-04-05 06:00:00,49253.19770752935,49389.82003286612,49124.283951048725,49306.10766409901,10723.69874797439
2018-04-05 07:00:00,49182.24558401232,49222.16683898598,49130.8235827077,49137.68830135985,9564.52610478118
2018-04-05 08:00:00,49248.929538969256,49262.98404208635,49057.08456766671,49214.93673839481,11827.347172534668
2018-04-05 09:00:00,49403.84773511584,49470.608582653316,49318.53236745259,49397.24997089715,10174.88294621697
2018-04-05 10:00:00,49485.67346233052,49535.91248816209,49359.8801062413,49468.750228524055,8435.051890732258
2018-04-05 11:00:00,49289.71684061008,49361.12419721254,48945.50181215765,49278.40386728635,11928.295314506246
2018-04-05 12:00:00,49240.03289643416,49312.73851114838,49237.0646421248,49265.42771064433,11201.567478718263
2018-04-05 13:00:00,49164.460015265795,49310.11123342187,49028.32313751141,49177.893067236226,11453.661163882778
2018-04-05 14:00:00,48942.85234752177,49094.99437961401,48782.5008283934,48916.51065212384,12321.966535057401
2018-04-05 15:00:00,49199.90270903851,49261.70791905267,49130.29174089747,49197.276348232714,11526.077821080282
2018-04-05 16:00:00,49432.22037467125,49546.5904179141,49422.58218523543,49461.37406651036,10592.008033296801
2018-04-05 17:00:00,49569.79991578194,49762.72075882848,49441.941943517755,49592.27808823885,13256.722615195522
2018-04-05 18:00:00,49354.23640200411,49466.55777911592,49329.104436540976,49443.03523963994,9002.703137774544
2018-04-05 19:00:00,49112.56726060879,49208.830395122124,49055.110125061714,49112.97788376915,11102.071967910679
2018-04-05 20:00:00,49208.16485979834,49350.216095622214,49068.325688852,49209.5040537559,10634.296647827578
2018-04-05 21:00:00,49222.19347381333,49296.74582385568,49120.82055760661,49180.341854771876,10495.491116461075
2018-04-05 22:00:00,48931.35198163016,48982.746470664526,48677.54522280123,48911.19708903042,9498.191264151206
2018-04-05 23:00:00,48784.214399834535,48862.59701501931,48774.72117181094,48778.44146147708,10621.037107364615
2018-04-06 00:00:00,48714.90403213423,48812.128953953885,48609.653819841646,48749.82813082605,11684.121393032898
2018-04-06 01:00:00,48825.97505161525,49012.238232954616,48795.25360676723,48863.63024218817,13754.33412283381
2018-04-06 02:00:00,48641.79021511414,48779.773464413396,48617.61085738975,48740.56676453801,11061.90883155365
2018-04-06 03:00:00,48616.11186760882,48667.5053055704,48586.71374692901,48617.792692900424,12514.938060377135
2018-04-06 04:00:00,48685.72634713668,48708.30372046089,48622.766097691834,48656.04852283809,8923.73144440044
2018-04-06 05:00:00,48425.10203746213,48643.81684350672,48417.17250669273,48586.46324775886,12014.612577686281
2018-04-06 06:00:00,48553.55105775611,48765.224017887966,48531.15879585711,48536.67613963384,7976.894972755874
2018-04-06 07:00:00,48295.47388678703,48427.81345322184,48259.6186736835,48304.514827769075,11032.81579484681
2018-04-06 08:00:00,48268.68590149893,48355.708661382494,48227.42814129763,48303.15642956004,8506.35106679991
2018-04-06 09:00:00,48401.34554439834,48500.104324179054,48308.309111350434,48420.15711762955,7988.448777489668
2018-04-06 10:00:00,48268.60670888187,48485.08274605583,48168.9288236355,48309.93719775722,15394.260521477612
2018-04-06 11:00:00,48522.98874753137,48603.449416082585,48358.279106110655,48430.13423384685,10312.811845986722
2018-04-06 12:00:00,48567.78732921619,48623.86777768648,48399.93800173821,48546.547913346905,16917.97013729973
2018-04-06 13:00:00,48505.760562237825,48532.564254740755,48482.21309256837,48521.565923417205,11220.91203386987
2018-04-06 14:00:00,48767.696093045706,48887.19033697702,48751.93010215678,48773.77079204643,10164.07679346216
2018-04-06 15:00:00,49111.45324281846,49122.01466088064,48928.550931724596,49054.00516217131,8793.393925808097
2018-04-06 16:00:00,49075.92510022303,49112.695023067194,49012.31160095219,49059.42528863677,9932.961380278435
2018-04-06 17:00:00,48940.3956252129,49165.34367700234,48879.01939230626,49057.28748292203,13173.505750913457
2018-04-06 18:00:00,48908.87128864478,48931.031189138106,48773.110033468176,48900.046388137656,13272.63933253547
2018-04-06 19:00:00,48867.99675868672,48956.15505123528,48844.43620513853,48891.24379909096,10218.73996221752
2018-04-06 20:00:00,49022.554496090226,49080.577708377736,48878.54375554554,49001.95849186009,14353.164418520319
2018-04-06 21:00:00,49082.74902878381,49117.26992587691,48912.64454739567,49028.84359150153,12910.71648291652
2018-04-06 22:00:00,49233.69187908487,49299.50335890647,49091.758258328715,49229.06090914314,10927.933026462022
2018-04-06 23:00:00,49518.049762814066,49611.17740784239,49434.468107917484,49533.39743345606,10489.364802331089
2018-04-07 00:00:00,49651.844564866835,49918.464055252225,49560.918899952114,49796.68623131307,9524.512958838699
2018-04-07 01:00:00,49880.61825840788,49919.92324506403,49806.70660372773,49866.15518831032,9289.811775537832
2018-04-07 02:00:00,49645.3330968514,49707.90925930039,49469.793730435995,49625.66546889334,12748.419712174667
2018-04-07 03:00:00,49982.788430156535,50001.48276491109,49842.60381380761,49905.07819419518,13465.762802051438
2018-04-07 04:00:00,49834.82284482525,49862.27148990656,49688.56554726774,49779.533827480445,11334.967437576683
2018-04-07 05:00:00,50051.31618146417,50199.86639168832,49894.8218252659,50040.13102309981,9294.444666250198
2018-04-07 06:00:00,50288.90719226352,50411.73710726188,50174.77464514806,50293.44581773168,11774.257353767669
2018-04-07 07:00:00,50419.56421261574,50622.63654584028,50386.33718846432,50398.2644637965,8991.08448307059
2018-04-07 08:00:00,50377.649872850256,50554.82131708083,50215.944216053824,50435.29451679287,12925.005298623542
2018-04-07 09:00:00,50446.29972437099,50471.31261665321,50379.494864167704,50436.980551551846,9783.102140212151
2018-04-07 10:00:00,50627.17111937707,50682.50952701174,50624.97258197237,50639.98743382569,9935.935706133901
2018-04-07 11:00:00,50681.848141556206,50756.61413132819,50558.589224067706,50709.09731339027,9705.220963745287
2018-04-07 12:00:00,50708.529929123724,50752.73330058353,50638.079001920254,50685.147313973066,11999.717949173131
2018-04-07 13:00:00,50876.453383472515,51003.290991252135,50845.15649002862,50907.302702183064,9258.04578881522
2018-04-07 14:00:00,50965.5182675627,51262.879766548234,50833.42299735774,51024.79639111131,11022.636385280566
2018-04-07 15:00:00,51120.57071236637,51462.79768520318,51060.22649672943,51204.38214051485,10783.104654981153
2018-04-07 16:00:00,50851.531125288326,50964.0497139661,50816.4810134532,50826.814690563886,10020.306020735832
2018-04-07 17:00:00,50569.53393528362,50633.09724072281,50439.925132803124,50610.242866240085,9652.138992157561
2018-04-07 18:00:00,50879.115254784134,50927.713847973,50653.950446541865,50747.04708603343,10339.19449386984
2018-04-07 19:00:00,50738.26122190011,50847.66786805978,50716.19276912008,50755.99663351824,12634.134292837767
2018-04-07 20:00:00,50761.8906306009,50778.79287664265,50596.22645348229,50694.69480150281,14919.176685875998
2018-04-07 21:00:00,50289.98415255816,50390.275842165094,50037.698787114605,50327.16277663598,14252.34599146372
2018-04-07 22:00:00,50613.67840733682,50876.096615881565,50576.39110761061,50630.41979422153,12759.07406654562
2018-04-07 23:00:00,50666.8370868378,50694.85844577636,50645.59349605089,50669.3435255332,12095.284967620542
2018-04-08 00:00:00,50744.703028099706,50899.50559873018,50443.609021237804,50746.30008369611,11917.79704625815
2018-04-08 01:00:00,50952.90186736762,50959.512643707596,50873.3637465877,50894.5277338595,12774.707089966498
2018-04-08 02:00:00,51185.25366474508,51227.97996253529,51013.41719642463,51200.64129991994,7176.7512634180675
2018-04-08 03:00:00,51136.73332966402,51248.470961363615,51008.53090698384,51061.88498152282,10192.525628403584
2018-04-08 04:00:00,50854.24520672172,51041.86753533097,50790.32724949636,50884.32881669281,11182.561335631384
2018-04-08 05:00:00,50776.222249700695,50830.931220385944,50723.562850103146,50733.46540260245,7969.912160522914
2018-04-08 06:00:00,50408.981824394665,50542.581470296325,50196.366109691495,50408.59502949994,7289.2583981979515
2018-04-08 07:00:00,50250.611823702115,50287.30813074457,50138.80649267048,50249.77260891955,9275.729888908518
2018-04-08 08:00:00,50038.81320087139,50248.56498476952,50031.01342122367,50053.16452903626,13129.220880897543
2018-04-08 09:00:00,50213.03845501488,50494.22788541248,50126.62876344995,50157.170269062975,13352.843761671285
2018-04-08 10:00:00,50133.17444288108,50281.9586907469,49998.01625687536,50044.97152353419,10094.305665716558
2018-04-08 11:00:00,49813.18841611175,49967.44601448961,49770.46751186006,49844.5702700435,8379.11631197642
2018-04-08 12:00:00,49998.817230233224,50164.93374110692,49812.55283248528,49967.43374955636,11924.4967299474
2018-04-08 13:00:00,50081.74993762557,50182.1610677214,49968.92642746485,50119.77406611872,10822.504881791581
2018-04-08 14:00:00,50525.84996527476,50641.128309667125,50494.015926829554,50523.6236602437,12053.938759142362
2018-04-08 15:00:00,50207.00537847165,50280.80717619539,50103.42406709315,50188.382791421915,14139.385732038761
2018-04-08 16:00:00,50097.66352118232,50183.996527713876,49967.364485193175,50147.97707840481,13580.992042753285
2018-04-08 17:00:00,50037.40733462129,50173.1194627176,49960.91034119904,50010.936549209335,11957.640378091015
2018-04-08 18:00:00,49929.19218436741,50022.69759176521,49788.18838053135,49807.374822708596,9608.899284399866
2018-04-08 19:00:00,49770.2268934612,49981.61681672151,49648.2366110803,49787.15371530662,11242.642561922366
2018-04-08 20:00:00,49780.14568425827,49796.8062480492,49768.5896405833,49785.99107242305,12571.518919397779
2018-04-08 21:00:00,49930.6637251297,50233.64193030349,49879.83057083355,49909.75594884194,8019.849151693852
2018-04-08 22:00:00,50115.06790188638,50207.9049739279,50015.08247708388,50041.28216306709,9921.159730904605
2018-04-08 23:00:00,50295.85364197682,50469.709245117,50249.45830054807,50291.07458751071,11436.410325144476
2018-04-09 00:00:00,50348.460892847026,50523.44054403982,50298.72306116633,50307.3099108051,10873.916401289664
2018-04-09 01:00:00,50446.33012048505,50560.621110608074,50445.58849133784,50455.800755312484,9050.887048036982
2018-04-09 02:00:00,50106.16780778593,50164.19692045089,50022.986695126376,50069.76095895007,13345.27115950246
2018-04-09 03:00:00,49867.60398296189,49946.06694008941,49832.9459683025,49939.07249588764,9483.867709813876
2018-04-09 04:00:00,49895.08431329731,50108.946479660655,49851.05921692888,49925.619078853386,8954.524699933056
2018-04-09 05:00:00,49941.59112562934,50085.482231984635,49781.39187892582,49974.37605334172,12222.88647142143
2018-04-09 06:00:00,49741.5868209457,49898.344492121316,49664.96197919087,49666.82850939634,13381.267088603958
2018-04-09 07:00:00,49467.22142181101,49635.07098860718,49296.13400411988,49559.71203292477,8316.056137499349
2018-04-09 08:00:00,49563.78736089736,49614.63725359664,49518.131398571895,49562.095118007936,11130.048441625166
2018-04-09 09:00:00,49382.80021165677,49474.39345221273,49276.78851666728,49453.12544891291,12565.230533576158
2018-04-09 10:00:00,49233.742498097985,49323.44062991879,49079.36601113001,49295.42230658832,12162.076542127183
2018-04-09 11:00:00,49480.68760945795,49522.32724713092,49424.77104561761,49436.69602182962,12192.152413966342
2018-04-09 12:00:00,49261.38815736784,49402.49782848155,49139.44276283888,49331.16526594411,8987.182509159144
2018-04-09 13:00:00,49579.00807465566,49579.23080356577,49414.841828932294,49495.817202146165,11221.43361234816
2018-04-09 14:00:00,49358.835612760675,49432.08479018175,49200.519173709996,49389.29547839174,8400.927939513991
2018-04-09 15:00:00,49394.47405199979,49429.516147566275,49209.2225084136,49395.57599512897,11188.125264936478
2018-04-09 16:00:00,49467.92928844883,49592.28476766562,49415.85035626207,49516.23400556886,11128.557498645967
2018-04-09 17:00:00,49548.28000270548,49678.094172931786,49271.1231076482,49497.15072130871,10615.821145241736
2018-04-09 18:00:00,49599.94082999047,49722.17534452285,49549.00871584149,49592.38942780749,9985.073002652252
2018-04-09 19:00:00,49121.91648100099,49234.591084320506,49083.400204127516,49133.57647980942,11050.976474619976
2018-04-09 20:00:00,49168.873385855375,49280.194805625775,49007.88251783574,49218.84490375554,10688.93596659187
2018-04-09 21:00:00,48995.75747423038,49217.006146016516,48962.74381300223,48999.02085934268,11814.093879767443
2018-04-09 22:00:00,49320.31921966852,49370.19003399102,49235.36121136897,49329.88896124489,10358.431183054858
2018-04-09 23:00:00,49021.8557336381,49061.34601720433,48992.5210781006,49031.406542749544,9877.52561540125
2018-04-10 00:00:00,49033.85191239728,49082.724497649535,49025.97096361606,49050.20427222512,11072.941296170618
2018-04-10 01:00:00,49196.06387231233,49236.42986856828,49178.273843078125,49201.99975084753,9713.604589686214
2018-04-10 02:00:00,49233.42466219786,49323.29326420888,49106.24367624718,49133.626468691094,10302.520406114558
2018-04-10 03:00:00,49071.24568797277,49114.919799288604,48903.404842833064,49087.50539933581,12866.908650557609
2018-04-10 04:00:00,49153.00053065834,49437.50891858207,49056.94847522278,49214.16742097763,10563.200369431179
2018-04-10 05:00:00,49751.58902147072,49931.4499361618,49655.990144479576,49724.57579933733,10904.21761470863
2018-04-10 06:00:00,49712.074319914536,49790.95821397143,49640.72365962699,49777.51925662627,9013.23458731583
2018-04-10 07:00:00,49870.25985403456,49954.14574809465,49774.45094944881,49831.69624179909,10104.734840347526
2018-04-10 08:00:00,49992.062228465635,50005.45429036071,49915.476027859455,49976.61673326278,10105.622970785249
2018-04-10 09:00:00,50115.8648465081,50146.058901344666,49932.77466379114,49993.88604045261,9501.698999055003
2018-04-10 10:00:00,50006.68712399019,50046.618128342176,49807.542306315685,49898.04443878811,10323.329158151559
2018-04-10 11:00:00,49992.219522584775,50049.400908211355,49888.619254957055,49952.66973240003,13985.965450019594
2018-04-10 12:00:00,50191.55325938162,50270.58249937387,50105.80237324276,50151.89954068504,14631.996463715117
2018-04-10 13:00:00,50192.17281115236,50337.82175604421,50080.45011328189,50163.21547464106,8838.525800296928
2018-04-10 14:00:00,50292.66557299168,50461.938183215054,49991.54260300915,50421.36813968806,9503.681788132599
2018-04-10 15:00:00,50394.565397610815,50434.541182854045,50241.01645623202,50324.87193716615,12918.734695517287
2018-04-10 16:00:00,50332.868581197035,50453.93639509111,50231.32108794412,50330.97780446526,9514.824860098057
2018-04-10 17:00:00,50346.769107911045,50502.24926153437,50304.0785709135,50342.84811858705,6126.381751390206
2018-04-10 18:00:00,50325.175551417124,50495.62033954156,50243.430408932865,50398.253843812934,9805.991017677858
2018-04-10 19:00:00,50133.75248500651,50275.21011013857,50087.798348367505,50123.55324397228,15026.547938710934
2018-04-10 20:00:00,49845.34507311928,50111.16742263696,49815.344626073726,49859.53062335114,12156.890874736671
2018-04-10 21:00:00,50009.6151662669,50098.55860957416,49751.1118196011,50005.7465351793,14082.14843738768
2018-04-10 22:00:00,49831.31512343374,49944.26756765657,49736.936330213866,49903.73062588453,11812.42558615634
2018-04-10 23:00:00,49666.824833169885,49753.69101248854,49656.822344616616,49670.44195558093,9296.635119053966
2018-04-11 00:00:00,49812.56655034993,49939.05771426554,49808.416164975584,49906.33961150236,11028.635585119337
2018-04-11 01:00:00,49975.35485369349,49978.893852355,49908.10127483031,49944.86651837561,10266.339179612547
2018-04-11 02:00:00,49864.43496134361,49928.91251597464,49740.81438924021,49825.1954612748,11034.198348067768
2018-04-11 03:00:00,49754.5497873577,49826.938072388984,49660.334358998,49723.80023050093,11382.907018145213
2018-04-11 04:00:00,49633.904648576216,49688.16341322966,49492.836576564914,49607.68030166077,12739.064622336733
2018-04-11 05:00:00,49651.594653725035,49951.0715272047,49512.21108740196,49707.64454391866,12708.673713708156
2018-04-11 06:00:00,49737.41488138843,49808.26168666867,49729.58095143592,49795.88233681517,13350.048888458943
2018-04-11 07:00:00,49643.28513047415,49888.29345879813,49471.0464825286,49656.292348292336,9073.157162563872
2018-04-11 08:00:00,49718.66551539301,49733.453831586026,49638.135001114155,49723.70788869573,14008.272428546543
2018-04-11 09:00:00,49808.82216936943,49841.58556950112,49674.91713963103,49776.21486521038,10166.75051692461
2018-04-11 10:00:00,50048.33618011804,50156.694532394,49926.813855253495,49992.81916115624,10696.992258373057
2018-04-11 11:00:00,49974.603991662145,50202.83516046453,49973.376961861824,50043.20532157497,11511.0701976885
2018-04-11 12:00:00,49863.95560420882,49990.525549527316,49842.09482844798,49930.20687524614,12212.171862956648
2018-04-11 13:00:00,49982.340597163224,50016.031331262326,49915.42639033487,49965.01652596174,13669.099159494632
2018-04-11 14:00:00,50148.93886908192,50178.428089952584,49957.73272840393,50108.3740413432,9119.600244863763
2018-04-11 15:00:00,50201.502644240136,50246.21383784073,50033.18469495261,50202.051807093354,12306.864798612802
2018-04-11 16:00:00,50462.13396439459,50543.601615705345,50451.51704490332,50457.35659176346,9551.446735305552
2018-04-11 17:00:00,50814.52086099844,50867.4200472351,50648.88071438003,50774.38923682911,7363.898453858194
2018-04-11 18:00:00,50829.67021496308,50897.115914890564,50797.98222670586,50896.37733735665,12191.125901774507
2018-04-11 19:00:00,51013.90528424398,51075.31553376132,50873.125580733125,50945.377781673706,11292.001790417897
2018-04-11 20:00:00,50568.18764723235,50629.85518654604,50455.6944205829,50614.68312819683,11834.701503602806
2018-04-11 21:00:00,50373.773875469546,50584.16070565062,50362.56839723165,50380.843125342726,10410.813964869687
2018-04-11 22:00:00,50520.99715828907,50567.089317862556,50431.716777214206,50482.459198296805,10407.998905992543
2018-04-11 23:00:00,50638.82863130484,50687.641203704705,50553.36174071682,50630.23702649497,9521.684508668854
2018-04-12 00:00:00,50820.21628725795,50853.224903782844,50789.07412351003,50824.251548917564,12617.70819322456
2018-04-12 01:00:00,50696.35139179643,50782.93155592965,50577.42102650031,50703.22681221914,10057.23327615197
2018-04-12 02:00:00,51119.218835652246,51225.84619174282,51065.49168967885,51103.211179229285,10310.601413929777
2018-04-12 03:00:00,51192.30151007674,51202.10032225384,51098.968384099164,51194.495514055336,12782.110215289447
2018-04-12 04:00:00,50903.80281144511,50997.747401055625,50740.62107645349,50960.30580958588,10365.332425284067
2018-04-12 05:00:00,51160.59472554807,51243.9542061993,51073.931820219754,51105.74088059256,9036.115909050666
2018-04-12 06:00:00,50643.70803498402,50776.379549412006,50529.84416715373,50657.022752145465,12260.377725533777
2018-04-12 07:00:00,50472.38117763529,50543.82903392322,50400.46246058497,50467.02800995169,11306.872425254445
2018-04-12 08:00:00,50421.287106324715,50445.01709535114,50380.063292904284,50385.757656883376,13805.02992825556
2018-04-12 09:00:00,50486.882340515316,50530.43612270255,50479.2185544511,50521.76013190236,11144.57523072538
2018-04-12 10:00:00,51053.38305331135,51261.262480852914,50979.05392702588,51034.45682840306,7521.730242507545
2018-04-12 11:00:00,50868.39167668021,51058.53363381346,50713.67835987903,50969.684251599334,11691.48832034146
2018-04-12 12:00:00,50987.78539894662,50998.44708647361,50830.2014548839,50972.34270038349,11924.338464658524
2018-04-12 13:00:00,51387.83241943825,51431.60710330435,51220.10195598154,51366.81247365111,9365.479452632062
2018-04-12 14:00:00,51517.69092617131,51544.56937209615,51380.13728230056,51462.46562660386,12273.820839249038
2018-04-12 15:00:00,51535.35175654615,51587.2470152947,51447.90885945513,51569.30878470676,11031.372115324582
2018-04-12 16:00:00,51726.82949012219,51862.32605515394,51590.40662461133,51640.13686454276,13666.225864922471
2018-04-12 17:00:00,51842.613011214635,51903.54828994703,51664.960812527024,51799.46688133506,9042.539297397738
2018-04-12 18:00:00,51514.56950235752,51737.55988610978,51387.77712473329,51514.8958049436,13197.287351891795
2018-04-12 19:00:00,51409.10745964423,51435.6169122653,51403.75878922708,51428.17551496507,11228.913054549714
2018-04-12 20:00:00,51536.68423292702,51642.817255032736,51490.71889337886,51545.582358823325,9907.465797429257
2018-04-12 21:00:00,51753.04673347843,51832.9889758959,51652.96489058789,51823.43627784769,9698.46841115814
2018-04-12 22:00:00,51918.39039739998,52007.744425648234,51882.674632791764,51890.196399000335,10718.293105623421
2018-04-12 23:00:00,51897.448512859344,51976.65505823489,51674.20465910495,51778.27176685093,10292.958169613945
2018-04-13 00:00:00,51561.10477581939,51628.04071982278,51460.88888218266,51555.80410484009,13812.077199179124
2018-04-13 01:00:00,52178.82832194721,52248.027067346535,52118.510991166826,52165.76005810294,10520.816689268315
2018-04-13 02:00:00,52293.6616776149,52609.602746543096,52204.12989871899,52361.58325391306,7968.792767966904
2018-04-13 03:00:00,52258.3100706876,52381.25757556204,52082.83627846209,52215.697829483775,12283.446530779307
2018-04-13 04:00:00,51806.953140427264,51926.81558471628,51749.808441255955,51811.58177292637,8287.539861551575
2018-04-13 05:00:00,51813.1234994693,51909.753077259695,51721.380443929585,51844.47483153074,9609.25359862442
2018-04-13 06:00:00,51436.69574853089,51453.24858524003,51305.723450701626,51427.95583943579,11348.837684780765
2018-04-13 07:00:00,51630.67542320059,51669.50499362052,51602.452934366906,51641.80774148986,8832.20631107787
2018-04-13 08:00:00,52044.696289975705,52137.53997873118,51964.629139005716,52069.213070104364,10748.728771191647
2018-04-13 09:00:00,52211.029208941894,52359.06207048661,52163.509816131074,52198.19788855671,9897.408375762689
2018-04-13 10:00:00,52036.45446071688,52221.783065395386,51869.73042508049,52104.39876228216,12760.405356797135
2018-04-13 11:00:00,52353.75547920502,52438.448464866335,52272.23156746891,52371.80462755667,12159.316861323001
2018-04-13 12:00:00,52417.94190942251,52557.77855334762,52375.489524700475,52421.99002521765,9490.416252462946
2018-04-13 13:00:00,52317.48860092509,52426.49029421303,52224.147034063775,52281.83274132278,14414.399746169747
2018-04-13 14:00:00,52649.58163333583,52737.883475110844,52488.49173868666,52626.371517638385,10302.712858973513
2018-04-13 15:00:00,52883.98263824028,52928.13516168061,52664.17035336184,52787.55839886698,10558.446524861956
2018-04-13 16:00:00,52965.269062573534,53174.968549484045,52877.935858138524,52921.69562305478,12709.460691700166
2018-04-13 17:00:00,52919.04873633359,53239.95066734262,52880.33519815869,52982.44302670284,10871.145752791017
2018-04-13 18:00:00,52805.31712406813,52858.79694961825,52726.94099555362,52797.76255953708,6759.34593512182
2018-04-13 19:00:00,52506.837551780394,52582.94150996719,52455.46129003184,52522.837197546614,11849.365906178016
2018-04-13 20:00:00,52427.72784051601,52521.30487348991,52347.17849516198,52444.91054682789,9343.12018206876
2018-04-13 21:00:00,52636.79157716569,52641.533570813976,52556.73323309808,52625.853123184286,8560.024649904572
2018-04-13 22:00:00,52474.82853003448,52740.86166570878,52454.11617416307,52492.151300512545,12663.84326244681
2018-04-13 23:00:00,52587.76654717203,52618.812861495746,52529.271642094885,52613.87386052715,11267.769320004252
2018-04-14 00:00:00,52991.90164481566,53047.09740606456,52888.44143501466,52940.6287093005,12349.889107300709
2018-04-14 01:00:00,52572.78816034198,52647.44860095672,52494.93614507087,52586.0584352923,12205.792082388334
2018-04-14 02:00:00,52640.398615744,52707.35330036101,52540.08064574025,52650.703673619275,9479.58092607215
2018-04-14 03:00:00,52675.45939097044,52867.78962737448,52618.39591942077,52666.33770542975,12390.911080254908
2018-04-14 04:00:00,52777.711737069265,52849.79924142172,52614.66527991345,52652.68970065085,10288.879568971024
2018-04-14 05:00:00,52621.972568219775,52787.383382723005,52564.45166931625,52639.27640451053,10824.282747606663
2018-04-14 06:00:00,53017.09292495438,53158.69881243677,52818.55692911155,52900.592949972866,9747.542700872902
2018-04-14 07:00:00,52963.87245314707,52981.39544994796,52729.1542973252,52869.52367472389,10097.881153484537
2018-04-14 08:00:00,53068.857009360225,53090.10754865009,52959.78185162665,53032.267911752766,6908.290035415703
2018-04-14 09:00:00,53102.61006321231,53191.06449068531,52968.19758938216,53056.94472438567,7640.393325025745
2018-04-14 10:00:00,53358.56350781452,53422.7595666798,53294.11521619163,53397.01758238756,13721.722308454615
2018-04-14 11:00:00,53338.02905376346,53385.28884365063,53201.0484315683,53366.81670469308,10693.68944347859
2018-04-14 12:00:00,53083.73635944097,53295.51389538517,52991.96609872161,53165.65175251282,10422.875942647739
2018-04-14 13:00:00,53001.13878808977,53048.13456857156,52975.75600277339,53039.11305458359,10508.362141305346
2018-04-14 14:00:00,53410.05217036102,53582.03485345199,53293.09303583918,53328.03278765396,9601.648222481494
2018-04-14 15:00:00,53294.22186982917,53316.89535472727,53253.18744999126,53277.74421513512,12211.34637085745
2018-04-14 16:00:00,53308.681343009775,53410.312674963134,53155.18376123927,53343.185652069486,9462.943464462707
2018-04-14 17:00:00,53721.923039018475,53892.8275605015,53687.54875907435,53764.50471891532,10801.343433274653
2018-04-14 18:00:00,53800.830226512044,53859.917168601176,53668.181172826145,53725.129050129,10235.943348334797
2018-04-14 19:00:00,53666.712576921214,53699.78711744346,53427.51210795292,53619.809205307756,10913.02457827818
2018-04-14 20:00:00,53409.23386228189,53512.38502916983,53275.57756921493,53292.83003207172,11464.764922462047
2018-04-14 21:00:00,53218.52156530567,53278.872107023315,53056.075651472645,53233.961032395535,12381.516347271136
2018-04-14 22:00:00,53495.40335900911,53585.441790456774,53478.79345865961,53551.451331238524,11631.964325018123
2018-04-14 23:00:00,53837.036522848546,53892.597622768386,53779.54063546229,53848.925781389036,7799.235090381475
2018-04-15 00:00:00,53793.381397642195,53899.63300798441,53679.65584052676,53800.60131402071,9087.967428782089
2018-04-15 01:00:00,53789.81538889482,53935.419208154046,53772.91581273083,53774.05113726905,12685.076469430778
2018-04-15 02:00:00,53934.0930000713,54051.61683504459,53772.70871772814,53927.43525070478,11191.709722554535
2018-04-15 03:00:00,53862.53487872289,53942.8823241641,53793.19765286976,53813.066620354744,8916.116736905715
